project_folder,relative_path,absolute_path,extension,size_bytes,status,contains_social_signal,contains_yard_signal,contains_shared_ads_id,recommended_action
Sizzle Yard,.DS_Store,/Users/sizzlesocial/Documents/yard hibachi/.DS_Store,[none],10244,RISK: Yard file mentions Social,yes,no,no,"Review before using; keep only if this is an explicit warning/source note, otherwise remove or rename."
Sizzle Yard,.gitignore,/Users/sizzlesocial/Documents/yard hibachi/.gitignore,[none],59,RISK: Yard file mentions Social,yes,no,no,"Review before using; keep only if this is an explicit warning/source note, otherwise remove or rename."
Sizzle Yard,.vercel/README.txt,/Users/sizzlesocial/Documents/yard hibachi/.vercel/README.txt,.txt,520,RISK: Yard file mentions Social,yes,no,no,"Review before using; keep only if this is an explicit warning/source note, otherwise remove or rename."
Sizzle Yard,.vercel/project.json,/Users/sizzlesocial/Documents/yard hibachi/.vercel/project.json,.json,124,RISK: Yard file mentions Social,yes,no,no,"Review before using; keep only if this is an explicit warning/source note, otherwise remove or rename."
Sizzle Yard,.vercelignore,/Users/sizzlesocial/Documents/yard hibachi/.vercelignore,[none],1186,RISK: Yard file mentions Social,yes,no,no,"Review before using; keep only if this is an explicit warning/source note, otherwise remove or rename."
Sizzle Yard,DEPLOYMENT.md,/Users/sizzlesocial/Documents/yard hibachi/DEPLOYMENT.md,.md,994,RISK: Yard file mentions Social,yes,yes,no,"Review before using; keep only if this is an explicit warning/source note, otherwise remove or rename."
Sizzle Yard,ads_backend_values_to_fill.md,/Users/sizzlesocial/Documents/yard hibachi/ads_backend_values_to_fill.md,.md,1136,RISK: Yard file mentions Social,yes,yes,no,"Review before using; keep only if this is an explicit warning/source note, otherwise remove or rename."
Sizzle Yard,assets/.DS_Store,/Users/sizzlesocial/Documents/yard hibachi/assets/.DS_Store,[none],6148,RISK: Yard file mentions Social,yes,no,no,"Review before using; keep only if this is an explicit warning/source note, otherwise remove or rename."
Sizzle Yard,assets/backyard-hibachi-birthday-party.jpg,/Users/sizzlesocial/Documents/yard hibachi/assets/backyard-hibachi-birthday-party.jpg,.jpg,573565,RISK: Yard file mentions Social,yes,no,no,"Review before using; keep only if this is an explicit warning/source note, otherwise remove or rename."
Sizzle Yard,assets/backyard-hibachi-clean-setup.jpg,/Users/sizzlesocial/Documents/yard hibachi/assets/backyard-hibachi-clean-setup.jpg,.jpg,557705,RISK: Yard file mentions Social,yes,no,no,"Review before using; keep only if this is an explicit warning/source note, otherwise remove or rename."
Sizzle Yard,assets/birthday-hibachi-60.jpg,/Users/sizzlesocial/Documents/yard hibachi/assets/birthday-hibachi-60.jpg,.jpg,251841,RISK: Yard file mentions Social,yes,no,no,"Review before using; keep only if this is an explicit warning/source note, otherwise remove or rename."
Sizzle Yard,assets/birthday-hibachi-fire-moment.jpg,/Users/sizzlesocial/Documents/yard hibachi/assets/birthday-hibachi-fire-moment.jpg,.jpg,900986,RISK: Yard file mentions Social,yes,no,no,"Review before using; keep only if this is an explicit warning/source note, otherwise remove or rename."
Sizzle Yard,assets/brand/sizzle-yard-hibachi-logo-192.png,/Users/sizzlesocial/Documents/yard hibachi/assets/brand/sizzle-yard-hibachi-logo-192.png,.png,66374,RISK: Yard file mentions Social,yes,no,no,"Review before using; keep only if this is an explicit warning/source note, otherwise remove or rename."
Sizzle Yard,assets/brand/sizzle-yard-hibachi-logo-512.png,/Users/sizzlesocial/Documents/yard hibachi/assets/brand/sizzle-yard-hibachi-logo-512.png,.png,378753,RISK: Yard file mentions Social,yes,no,no,"Review before using; keep only if this is an explicit warning/source note, otherwise remove or rename."
Sizzle Yard,assets/brand/sizzle-yard-hibachi-logo.png,/Users/sizzlesocial/Documents/yard hibachi/assets/brand/sizzle-yard-hibachi-logo.png,.png,1810823,RISK: Yard file mentions Social,yes,no,no,"Review before using; keep only if this is an explicit warning/source note, otherwise remove or rename."
Sizzle Yard,assets/city-collages/alhambra-cases-grid.jpg,/Users/sizzlesocial/Documents/yard hibachi/assets/city-collages/alhambra-cases-grid.jpg,.jpg,699610,RISK: Yard file mentions Social,yes,no,no,"Review before using; keep only if this is an explicit warning/source note, otherwise remove or rename."
Sizzle Yard,assets/city-collages/arcadia-cases-grid.jpg,/Users/sizzlesocial/Documents/yard hibachi/assets/city-collages/arcadia-cases-grid.jpg,.jpg,598759,RISK: Yard file mentions Social,yes,no,no,"Review before using; keep only if this is an explicit warning/source note, otherwise remove or rename."
Sizzle Yard,assets/city-collages/burbank-cases-grid.jpg,/Users/sizzlesocial/Documents/yard hibachi/assets/city-collages/burbank-cases-grid.jpg,.jpg,658267,RISK: Yard file mentions Social,yes,no,no,"Review before using; keep only if this is an explicit warning/source note, otherwise remove or rename."
Sizzle Yard,assets/city-collages/glendale-cases-grid.jpg,/Users/sizzlesocial/Documents/yard hibachi/assets/city-collages/glendale-cases-grid.jpg,.jpg,589073,RISK: Yard file mentions Social,yes,no,no,"Review before using; keep only if this is an explicit warning/source note, otherwise remove or rename."
Sizzle Yard,assets/city-collages/los-angeles-cases-grid.jpg,/Users/sizzlesocial/Documents/yard hibachi/assets/city-collages/los-angeles-cases-grid.jpg,.jpg,727003,RISK: Yard file mentions Social,yes,no,no,"Review before using; keep only if this is an explicit warning/source note, otherwise remove or rename."
Sizzle Yard,assets/city-collages/monterey-park-cases-grid.jpg,/Users/sizzlesocial/Documents/yard hibachi/assets/city-collages/monterey-park-cases-grid.jpg,.jpg,658602,RISK: Yard file mentions Social,yes,no,no,"Review before using; keep only if this is an explicit warning/source note, otherwise remove or rename."
Sizzle Yard,assets/city-collages/orange-county-cases-grid.jpg,/Users/sizzlesocial/Documents/yard hibachi/assets/city-collages/orange-county-cases-grid.jpg,.jpg,705006,RISK: Yard file mentions Social,yes,no,no,"Review before using; keep only if this is an explicit warning/source note, otherwise remove or rename."
Sizzle Yard,assets/city-collages/pasadena-cases-grid.jpg,/Users/sizzlesocial/Documents/yard hibachi/assets/city-collages/pasadena-cases-grid.jpg,.jpg,669687,RISK: Yard file mentions Social,yes,no,no,"Review before using; keep only if this is an explicit warning/source note, otherwise remove or rename."
Sizzle Yard,assets/city-collages/rosemead-cases-grid.jpg,/Users/sizzlesocial/Documents/yard hibachi/assets/city-collages/rosemead-cases-grid.jpg,.jpg,625578,RISK: Yard file mentions Social,yes,no,no,"Review before using; keep only if this is an explicit warning/source note, otherwise remove or rename."
Sizzle Yard,assets/city-collages/san-gabriel-cases-grid.jpg,/Users/sizzlesocial/Documents/yard hibachi/assets/city-collages/san-gabriel-cases-grid.jpg,.jpg,620427,RISK: Yard file mentions Social,yes,no,no,"Review before using; keep only if this is an explicit warning/source note, otherwise remove or rename."
Sizzle Yard,assets/city-collages/temple-city-cases-grid.jpg,/Users/sizzlesocial/Documents/yard hibachi/assets/city-collages/temple-city-cases-grid.jpg,.jpg,630587,RISK: Yard file mentions Social,yes,no,no,"Review before using; keep only if this is an explicit warning/source note, otherwise remove or rename."
Sizzle Yard,assets/fried-rice.jpg,/Users/sizzlesocial/Documents/yard hibachi/assets/fried-rice.jpg,.jpg,227441,RISK: Yard file mentions Social,yes,no,no,"Review before using; keep only if this is an explicit warning/source note, otherwise remove or rename."
Sizzle Yard,assets/generated/backyard-party-setup-ai.jpg,/Users/sizzlesocial/Documents/yard hibachi/assets/generated/backyard-party-setup-ai.jpg,.jpg,399290,RISK: Yard file mentions Social,yes,no,no,"Review before using; keep only if this is an explicit warning/source note, otherwise remove or rename."
Sizzle Yard,assets/generated/backyard-party-setup-natural-v2.jpg,/Users/sizzlesocial/Documents/yard hibachi/assets/generated/backyard-party-setup-natural-v2.jpg,.jpg,453635,RISK: Yard file mentions Social,yes,no,no,"Review before using; keep only if this is an explicit warning/source note, otherwise remove or rename."
Sizzle Yard,assets/generated/chef-apron-fire-wide-v4.jpg,/Users/sizzlesocial/Documents/yard hibachi/assets/generated/chef-apron-fire-wide-v4.jpg,.jpg,124050,RISK: Yard file mentions Social,yes,no,no,"Review before using; keep only if this is an explicit warning/source note, otherwise remove or rename."
Sizzle Yard,assets/generated/chef-apron-party-wide-v3.jpg,/Users/sizzlesocial/Documents/yard hibachi/assets/generated/chef-apron-party-wide-v3.jpg,.jpg,132028,RISK: Yard file mentions Social,yes,no,no,"Review before using; keep only if this is an explicit warning/source note, otherwise remove or rename."
Sizzle Yard,assets/generated/chef-apron-party-wide-v4.jpg,/Users/sizzlesocial/Documents/yard hibachi/assets/generated/chef-apron-party-wide-v4.jpg,.jpg,115041,RISK: Yard file mentions Social,yes,no,no,"Review before using; keep only if this is an explicit warning/source note, otherwise remove or rename."
Sizzle Yard,assets/generated/chef-apron-phone-hero-v3.jpg,/Users/sizzlesocial/Documents/yard hibachi/assets/generated/chef-apron-phone-hero-v3.jpg,.jpg,70304,RISK: Yard file mentions Social,yes,no,no,"Review before using; keep only if this is an explicit warning/source note, otherwise remove or rename."
Sizzle Yard,assets/generated/chef-apron-phone-hero-v4.jpg,/Users/sizzlesocial/Documents/yard hibachi/assets/generated/chef-apron-phone-hero-v4.jpg,.jpg,61938,RISK: Yard file mentions Social,yes,no,no,"Review before using; keep only if this is an explicit warning/source note, otherwise remove or rename."
Sizzle Yard,assets/generated/hibachi-birthday-hero-ai.jpg,/Users/sizzlesocial/Documents/yard hibachi/assets/generated/hibachi-birthday-hero-ai.jpg,.jpg,308698,RISK: Yard file mentions Social,yes,no,no,"Review before using; keep only if this is an explicit warning/source note, otherwise remove or rename."
Sizzle Yard,assets/generated/hibachi-birthday-hero-natural-v2.jpg,/Users/sizzlesocial/Documents/yard hibachi/assets/generated/hibachi-birthday-hero-natural-v2.jpg,.jpg,513156,RISK: Yard file mentions Social,yes,no,no,"Review before using; keep only if this is an explicit warning/source note, otherwise remove or rename."
Sizzle Yard,assets/generated/hibachi-fire-show-ai.jpg,/Users/sizzlesocial/Documents/yard hibachi/assets/generated/hibachi-fire-show-ai.jpg,.jpg,295797,RISK: Yard file mentions Social,yes,no,no,"Review before using; keep only if this is an explicit warning/source note, otherwise remove or rename."
Sizzle Yard,assets/generated/hibachi-food-grill-ai.jpg,/Users/sizzlesocial/Documents/yard hibachi/assets/generated/hibachi-food-grill-ai.jpg,.jpg,444936,RISK: Yard file mentions Social,yes,no,no,"Review before using; keep only if this is an explicit warning/source note, otherwise remove or rename."
Sizzle Yard,assets/generated/hibachi-food-grill-natural-v2.jpg,/Users/sizzlesocial/Documents/yard hibachi/assets/generated/hibachi-food-grill-natural-v2.jpg,.jpg,359738,RISK: Yard file mentions Social,yes,no,no,"Review before using; keep only if this is an explicit warning/source note, otherwise remove or rename."
Sizzle Yard,assets/generated/mobile-hibachi-setup-ai.jpg,/Users/sizzlesocial/Documents/yard hibachi/assets/generated/mobile-hibachi-setup-ai.jpg,.jpg,344492,RISK: Yard file mentions Social,yes,no,no,"Review before using; keep only if this is an explicit warning/source note, otherwise remove or rename."
Sizzle Yard,assets/generated/mobile-hibachi-setup-natural-v2.jpg,/Users/sizzlesocial/Documents/yard hibachi/assets/generated/mobile-hibachi-setup-natural-v2.jpg,.jpg,540970,RISK: Yard file mentions Social,yes,no,no,"Review before using; keep only if this is an explicit warning/source note, otherwise remove or rename."
Sizzle Yard,assets/generated/sizzle-yard-city-party-alhambra.jpg,/Users/sizzlesocial/Documents/yard hibachi/assets/generated/sizzle-yard-city-party-alhambra.jpg,.jpg,75488,RISK: Yard file mentions Social,yes,no,no,"Review before using; keep only if this is an explicit warning/source note, otherwise remove or rename."
Sizzle Yard,assets/generated/sizzle-yard-city-party-arcadia.jpg,/Users/sizzlesocial/Documents/yard hibachi/assets/generated/sizzle-yard-city-party-arcadia.jpg,.jpg,92012,RISK: Yard file mentions Social,yes,no,no,"Review before using; keep only if this is an explicit warning/source note, otherwise remove or rename."
Sizzle Yard,assets/generated/sizzle-yard-city-party-burbank.jpg,/Users/sizzlesocial/Documents/yard hibachi/assets/generated/sizzle-yard-city-party-burbank.jpg,.jpg,97481,RISK: Yard file mentions Social,yes,no,no,"Review before using; keep only if this is an explicit warning/source note, otherwise remove or rename."
Sizzle Yard,assets/generated/sizzle-yard-city-party-extra-party.jpg,/Users/sizzlesocial/Documents/yard hibachi/assets/generated/sizzle-yard-city-party-extra-party.jpg,.jpg,89452,RISK: Yard file mentions Social,yes,no,no,"Review before using; keep only if this is an explicit warning/source note, otherwise remove or rename."
Sizzle Yard,assets/generated/sizzle-yard-city-party-glendale.jpg,/Users/sizzlesocial/Documents/yard hibachi/assets/generated/sizzle-yard-city-party-glendale.jpg,.jpg,118361,RISK: Yard file mentions Social,yes,no,no,"Review before using; keep only if this is an explicit warning/source note, otherwise remove or rename."
Sizzle Yard,assets/generated/sizzle-yard-city-party-los-angeles.jpg,/Users/sizzlesocial/Documents/yard hibachi/assets/generated/sizzle-yard-city-party-los-angeles.jpg,.jpg,96153,RISK: Yard file mentions Social,yes,no,no,"Review before using; keep only if this is an explicit warning/source note, otherwise remove or rename."
Sizzle Yard,assets/generated/sizzle-yard-city-party-monterey-park.jpg,/Users/sizzlesocial/Documents/yard hibachi/assets/generated/sizzle-yard-city-party-monterey-park.jpg,.jpg,91106,RISK: Yard file mentions Social,yes,no,no,"Review before using; keep only if this is an explicit warning/source note, otherwise remove or rename."
Sizzle Yard,assets/generated/sizzle-yard-city-party-orange-county.jpg,/Users/sizzlesocial/Documents/yard hibachi/assets/generated/sizzle-yard-city-party-orange-county.jpg,.jpg,83410,RISK: Yard file mentions Social,yes,no,no,"Review before using; keep only if this is an explicit warning/source note, otherwise remove or rename."
Sizzle Yard,assets/generated/sizzle-yard-city-party-pasadena.jpg,/Users/sizzlesocial/Documents/yard hibachi/assets/generated/sizzle-yard-city-party-pasadena.jpg,.jpg,99523,RISK: Yard file mentions Social,yes,no,no,"Review before using; keep only if this is an explicit warning/source note, otherwise remove or rename."
Sizzle Yard,assets/generated/sizzle-yard-city-party-rosemead.jpg,/Users/sizzlesocial/Documents/yard hibachi/assets/generated/sizzle-yard-city-party-rosemead.jpg,.jpg,90161,RISK: Yard file mentions Social,yes,no,no,"Review before using; keep only if this is an explicit warning/source note, otherwise remove or rename."
Sizzle Yard,assets/generated/sizzle-yard-city-party-san-gabriel.jpg,/Users/sizzlesocial/Documents/yard hibachi/assets/generated/sizzle-yard-city-party-san-gabriel.jpg,.jpg,86694,RISK: Yard file mentions Social,yes,no,no,"Review before using; keep only if this is an explicit warning/source note, otherwise remove or rename."
Sizzle Yard,assets/generated/sizzle-yard-city-party-temple-city.jpg,/Users/sizzlesocial/Documents/yard hibachi/assets/generated/sizzle-yard-city-party-temple-city.jpg,.jpg,87081,RISK: Yard file mentions Social,yes,no,no,"Review before using; keep only if this is an explicit warning/source note, otherwise remove or rename."
Sizzle Yard,assets/generated/sizzle-yard-party-birthday-vertical.jpg,/Users/sizzlesocial/Documents/yard hibachi/assets/generated/sizzle-yard-party-birthday-vertical.jpg,.jpg,225054,RISK: Yard file mentions Social,yes,no,no,"Review before using; keep only if this is an explicit warning/source note, otherwise remove or rename."
Sizzle Yard,assets/generated/sizzle-yard-party-collage-square.jpg,/Users/sizzlesocial/Documents/yard hibachi/assets/generated/sizzle-yard-party-collage-square.jpg,.jpg,562520,RISK: Yard file mentions Social,yes,no,no,"Review before using; keep only if this is an explicit warning/source note, otherwise remove or rename."
Sizzle Yard,assets/generated/sizzle-yard-party-dancing-wide.jpg,/Users/sizzlesocial/Documents/yard hibachi/assets/generated/sizzle-yard-party-dancing-wide.jpg,.jpg,207988,RISK: Yard file mentions Social,yes,no,no,"Review before using; keep only if this is an explicit warning/source note, otherwise remove or rename."
Sizzle Yard,assets/generated/sizzle-yard-party-fire-staff-wide.jpg,/Users/sizzlesocial/Documents/yard hibachi/assets/generated/sizzle-yard-party-fire-staff-wide.jpg,.jpg,211418,RISK: Yard file mentions Social,yes,no,no,"Review before using; keep only if this is an explicit warning/source note, otherwise remove or rename."
Sizzle Yard,assets/generated/sizzle-yard-party-food-square.jpg,/Users/sizzlesocial/Documents/yard hibachi/assets/generated/sizzle-yard-party-food-square.jpg,.jpg,317051,RISK: Yard file mentions Social,yes,no,no,"Review before using; keep only if this is an explicit warning/source note, otherwise remove or rename."
Sizzle Yard,assets/generated/sizzle-yard-party-game-wide.jpg,/Users/sizzlesocial/Documents/yard hibachi/assets/generated/sizzle-yard-party-game-wide.jpg,.jpg,263603,RISK: Yard file mentions Social,yes,no,no,"Review before using; keep only if this is an explicit warning/source note, otherwise remove or rename."
Sizzle Yard,assets/generated/sizzle-yard-party-hero-wide.jpg,/Users/sizzlesocial/Documents/yard hibachi/assets/generated/sizzle-yard-party-hero-wide.jpg,.jpg,357314,RISK: Yard file mentions Social,yes,no,no,"Review before using; keep only if this is an explicit warning/source note, otherwise remove or rename."
Sizzle Yard,assets/generated/sizzle-yard-party-night-wide.jpg,/Users/sizzlesocial/Documents/yard hibachi/assets/generated/sizzle-yard-party-night-wide.jpg,.jpg,391303,RISK: Yard file mentions Social,yes,no,no,"Review before using; keep only if this is an explicit warning/source note, otherwise remove or rename."
Sizzle Yard,assets/generated/sizzle-yard-party-table-vertical.jpg,/Users/sizzlesocial/Documents/yard hibachi/assets/generated/sizzle-yard-party-table-vertical.jpg,.jpg,234706,RISK: Yard file mentions Social,yes,no,no,"Review before using; keep only if this is an explicit warning/source note, otherwise remove or rename."
Sizzle Yard,assets/hero-birthday-fire-cropped.jpg,/Users/sizzlesocial/Documents/yard hibachi/assets/hero-birthday-fire-cropped.jpg,.jpg,383220,RISK: Yard file mentions Social,yes,no,no,"Review before using; keep only if this is an explicit warning/source note, otherwise remove or rename."
Sizzle Yard,assets/hibachi-combo.jpg,/Users/sizzlesocial/Documents/yard hibachi/assets/hibachi-combo.jpg,.jpg,233458,RISK: Yard file mentions Social,yes,no,no,"Review before using; keep only if this is an explicit warning/source note, otherwise remove or rename."
Sizzle Yard,assets/hibachi-grill-party-setup.jpg,/Users/sizzlesocial/Documents/yard hibachi/assets/hibachi-grill-party-setup.jpg,.jpg,579343,RISK: Yard file mentions Social,yes,no,no,"Review before using; keep only if this is an explicit warning/source note, otherwise remove or rename."
Sizzle Yard,assets/lobster-tail.jpg,/Users/sizzlesocial/Documents/yard hibachi/assets/lobster-tail.jpg,.jpg,217404,RISK: Yard file mentions Social,yes,no,no,"Review before using; keep only if this is an explicit warning/source note, otherwise remove or rename."
Sizzle Yard,assets/real-events/clean-backyard-setup-wide.jpg,/Users/sizzlesocial/Documents/yard hibachi/assets/real-events/clean-backyard-setup-wide.jpg,.jpg,404409,RISK: Yard file mentions Social,yes,no,no,"Review before using; keep only if this is an explicit warning/source note, otherwise remove or rename."
Sizzle Yard,assets/real-events/grill-front-table-setup-hero.jpg,/Users/sizzlesocial/Documents/yard hibachi/assets/real-events/grill-front-table-setup-hero.jpg,.jpg,280291,RISK: Yard file mentions Social,yes,no,no,"Review before using; keep only if this is an explicit warning/source note, otherwise remove or rename."
Sizzle Yard,assets/real-events/large-event-long-table-wide.jpg,/Users/sizzlesocial/Documents/yard hibachi/assets/real-events/large-event-long-table-wide.jpg,.jpg,517527,RISK: Yard file mentions Social,yes,no,no,"Review before using; keep only if this is an explicit warning/source note, otherwise remove or rename."
Sizzle Yard,assets/real-events/large-event-vertical-setup.jpg,/Users/sizzlesocial/Documents/yard hibachi/assets/real-events/large-event-vertical-setup.jpg,.jpg,456725,RISK: Yard file mentions Social,yes,no,no,"Review before using; keep only if this is an explicit warning/source note, otherwise remove or rename."
Sizzle Yard,assets/real-events/night-backyard-hibachi-setup-wide.jpg,/Users/sizzlesocial/Documents/yard hibachi/assets/real-events/night-backyard-hibachi-setup-wide.jpg,.jpg,237345,RISK: Yard file mentions Social,yes,no,no,"Review before using; keep only if this is an explicit warning/source note, otherwise remove or rename."
Sizzle Yard,assets/video/raw-hibachi-moment-01.mp4,/Users/sizzlesocial/Documents/yard hibachi/assets/video/raw-hibachi-moment-01.mp4,.mp4,3376157,RISK: Yard file mentions Social,yes,no,no,"Review before using; keep only if this is an explicit warning/source note, otherwise remove or rename."
Sizzle Yard,assets/video/raw-hibachi-moment-02.mp4,/Users/sizzlesocial/Documents/yard hibachi/assets/video/raw-hibachi-moment-02.mp4,.mp4,3800132,RISK: Yard file mentions Social,yes,no,no,"Review before using; keep only if this is an explicit warning/source note, otherwise remove or rename."
Sizzle Yard,birthday-hibachi-los-angeles.html,/Users/sizzlesocial/Documents/yard hibachi/birthday-hibachi-los-angeles.html,.html,3701,RISK: Yard file mentions Social,yes,yes,no,"Review before using; keep only if this is an explicit warning/source note, otherwise remove or rename."
Sizzle Yard,city_image_selection_report.md,/Users/sizzlesocial/Documents/yard hibachi/city_image_selection_report.md,.md,2338,RISK: Yard file mentions Social,yes,no,no,"Review before using; keep only if this is an explicit warning/source note, otherwise remove or rename."
Sizzle Yard,config.js,/Users/sizzlesocial/Documents/yard hibachi/config.js,.js,978,RISK: Yard file mentions Social,yes,yes,yes,"Review before using; keep only if this is an explicit warning/source note, otherwise remove or rename."
Sizzle Yard,deployment_result.md,/Users/sizzlesocial/Documents/yard hibachi/deployment_result.md,.md,2822,RISK: Yard file mentions Social,yes,yes,no,"Review before using; keep only if this is an explicit warning/source note, otherwise remove or rename."
Sizzle Yard,form_setup_google_sheet.md,/Users/sizzlesocial/Documents/yard hibachi/form_setup_google_sheet.md,.md,1087,RISK: Yard file mentions Social,yes,yes,no,"Review before using; keep only if this is an explicit warning/source note, otherwise remove or rename."
Sizzle Yard,google_ads_connection_notes.md,/Users/sizzlesocial/Documents/yard hibachi/google_ads_connection_notes.md,.md,2766,RISK: Yard file mentions Social,yes,yes,no,"Review before using; keep only if this is an explicit warning/source note, otherwise remove or rename."
Sizzle Yard,google_apps_script_form_receiver.gs,/Users/sizzlesocial/Documents/yard hibachi/google_apps_script_form_receiver.gs,.gs,9983,RISK: Yard file mentions Social,yes,yes,no,"Review before using; keep only if this is an explicit warning/source note, otherwise remove or rename."
Sizzle Yard,google_business_profile_buildout_plan.md,/Users/sizzlesocial/Documents/yard hibachi/google_business_profile_buildout_plan.md,.md,2472,RISK: Yard file mentions Social,yes,yes,no,"Review before using; keep only if this is an explicit warning/source note, otherwise remove or rename."
Sizzle Yard,google_business_profile_current_status.md,/Users/sizzlesocial/Documents/yard hibachi/google_business_profile_current_status.md,.md,1762,RISK: Yard file mentions Social,yes,yes,no,"Review before using; keep only if this is an explicit warning/source note, otherwise remove or rename."
Sizzle Yard,google_business_profile_launch_package.md,/Users/sizzlesocial/Documents/yard hibachi/google_business_profile_launch_package.md,.md,7718,RISK: Yard file mentions Social,yes,yes,no,"Review before using; keep only if this is an explicit warning/source note, otherwise remove or rename."
Sizzle Yard,hibachi-at-home-alhambra.html,/Users/sizzlesocial/Documents/yard hibachi/hibachi-at-home-alhambra.html,.html,3538,RISK: Yard file mentions Social,yes,yes,no,"Review before using; keep only if this is an explicit warning/source note, otherwise remove or rename."
Sizzle Yard,hibachi-at-home-burbank.html,/Users/sizzlesocial/Documents/yard hibachi/hibachi-at-home-burbank.html,.html,3533,RISK: Yard file mentions Social,yes,yes,no,"Review before using; keep only if this is an explicit warning/source note, otherwise remove or rename."
Sizzle Yard,hibachi-at-home-glendale.html,/Users/sizzlesocial/Documents/yard hibachi/hibachi-at-home-glendale.html,.html,3501,RISK: Yard file mentions Social,yes,yes,no,"Review before using; keep only if this is an explicit warning/source note, otherwise remove or rename."
Sizzle Yard,hibachi-at-home-monterey-park.html,/Users/sizzlesocial/Documents/yard hibachi/hibachi-at-home-monterey-park.html,.html,3559,RISK: Yard file mentions Social,yes,yes,no,"Review before using; keep only if this is an explicit warning/source note, otherwise remove or rename."
Sizzle Yard,hibachi-at-home-pasadena.html,/Users/sizzlesocial/Documents/yard hibachi/hibachi-at-home-pasadena.html,.html,3683,RISK: Yard file mentions Social,yes,yes,no,"Review before using; keep only if this is an explicit warning/source note, otherwise remove or rename."
Sizzle Yard,hibachi-at-home-rosemead.html,/Users/sizzlesocial/Documents/yard hibachi/hibachi-at-home-rosemead.html,.html,3506,RISK: Yard file mentions Social,yes,yes,no,"Review before using; keep only if this is an explicit warning/source note, otherwise remove or rename."
Sizzle Yard,hibachi-at-home-san-gabriel.html,/Users/sizzlesocial/Documents/yard hibachi/hibachi-at-home-san-gabriel.html,.html,3569,RISK: Yard file mentions Social,yes,yes,no,"Review before using; keep only if this is an explicit warning/source note, otherwise remove or rename."
Sizzle Yard,hibachi-at-home-temple-city.html,/Users/sizzlesocial/Documents/yard hibachi/hibachi-at-home-temple-city.html,.html,3497,RISK: Yard file mentions Social,yes,yes,no,"Review before using; keep only if this is an explicit warning/source note, otherwise remove or rename."
Sizzle Yard,hibachi_birthday_market_report.md,/Users/sizzlesocial/Documents/yard hibachi/hibachi_birthday_market_report.md,.md,11438,RISK: Yard file mentions Social,yes,yes,no,"Review before using; keep only if this is an explicit warning/source note, otherwise remove or rename."
Sizzle Yard,index.html,/Users/sizzlesocial/Documents/yard hibachi/index.html,.html,21646,RISK: Yard file mentions Social,yes,yes,no,"Review before using; keep only if this is an explicit warning/source note, otherwise remove or rename."
Sizzle Yard,launch_checklist.md,/Users/sizzlesocial/Documents/yard hibachi/launch_checklist.md,.md,2911,RISK: Yard file mentions Social,yes,yes,yes,"Review before using; keep only if this is an explicit warning/source note, otherwise remove or rename."
Sizzle Yard,materials/city-pages/01-use-now/arcadia-mobile-hibachi-setup.jpg,/Users/sizzlesocial/Documents/yard hibachi/materials/city-pages/01-use-now/arcadia-mobile-hibachi-setup.jpg,.jpg,579343,RISK: Yard file mentions Social,yes,no,no,"Review before using; keep only if this is an explicit warning/source note, otherwise remove or rename."
Sizzle Yard,materials/city-pages/01-use-now/clean-backyard-setup-original.jpg,/Users/sizzlesocial/Documents/yard hibachi/materials/city-pages/01-use-now/clean-backyard-setup-original.jpg,.jpg,2504978,RISK: Yard file mentions Social,yes,no,no,"Review before using; keep only if this is an explicit warning/source note, otherwise remove or rename."
Sizzle Yard,materials/city-pages/01-use-now/grill-front-table-setup-original.jpg,/Users/sizzlesocial/Documents/yard hibachi/materials/city-pages/01-use-now/grill-front-table-setup-original.jpg,.jpg,2081443,RISK: Yard file mentions Social,yes,no,no,"Review before using; keep only if this is an explicit warning/source note, otherwise remove or rename."
Sizzle Yard,materials/city-pages/01-use-now/large-event-long-table-original.jpg,/Users/sizzlesocial/Documents/yard hibachi/materials/city-pages/01-use-now/large-event-long-table-original.jpg,.jpg,3714777,RISK: Yard file mentions Social,yes,no,no,"Review before using; keep only if this is an explicit warning/source note, otherwise remove or rename."
Sizzle Yard,materials/city-pages/01-use-now/large-event-vertical-setup-original.jpg,/Users/sizzlesocial/Documents/yard hibachi/materials/city-pages/01-use-now/large-event-vertical-setup-original.jpg,.jpg,4314201,RISK: Yard file mentions Social,yes,no,no,"Review before using; keep only if this is an explicit warning/source note, otherwise remove or rename."
Sizzle Yard,materials/city-pages/01-use-now/los-angeles-birthday-party.jpg,/Users/sizzlesocial/Documents/yard hibachi/materials/city-pages/01-use-now/los-angeles-birthday-party.jpg,.jpg,573565,RISK: Yard file mentions Social,yes,no,no,"Review before using; keep only if this is an explicit warning/source note, otherwise remove or rename."
Sizzle Yard,materials/city-pages/01-use-now/night-backyard-hibachi-setup-original.jpg,/Users/sizzlesocial/Documents/yard hibachi/materials/city-pages/01-use-now/night-backyard-hibachi-setup-original.jpg,.jpg,635281,RISK: Yard file mentions Social,yes,no,no,"Review before using; keep only if this is an explicit warning/source note, otherwise remove or rename."
Sizzle Yard,materials/city-pages/01-use-now/pasadena-at-home-setup.jpg,/Users/sizzlesocial/Documents/yard hibachi/materials/city-pages/01-use-now/pasadena-at-home-setup.jpg,.jpg,557705,RISK: Yard file mentions Social,yes,no,no,"Review before using; keep only if this is an explicit warning/source note, otherwise remove or rename."
Sizzle Yard,materials/city-pages/02-needs-edit/day-party-faces-child-permission.jpg,/Users/sizzlesocial/Documents/yard hibachi/materials/city-pages/02-needs-edit/day-party-faces-child-permission.jpg,.jpg,3503474,RISK: Yard file mentions Social,yes,no,no,"Review before using; keep only if this is an explicit warning/source note, otherwise remove or rename."
Sizzle Yard,materials/city-pages/02-needs-edit/desert-table-blurry-faces.jpg,/Users/sizzlesocial/Documents/yard hibachi/materials/city-pages/02-needs-edit/desert-table-blurry-faces.jpg,.jpg,940546,RISK: Yard file mentions Social,yes,no,no,"Review before using; keep only if this is an explicit warning/source note, otherwise remove or rename."
Sizzle Yard,materials/city-pages/02-needs-edit/fire-moment-adult-faces-permission.jpg,/Users/sizzlesocial/Documents/yard hibachi/materials/city-pages/02-needs-edit/fire-moment-adult-faces-permission.jpg,.jpg,248962,RISK: Yard file mentions Social,yes,no,no,"Review before using; keep only if this is an explicit warning/source note, otherwise remove or rename."
Sizzle Yard,materials/city-pages/02-needs-edit/guest-fire-moment-face-permission.jpg,/Users/sizzlesocial/Documents/yard hibachi/materials/city-pages/02-needs-edit/guest-fire-moment-face-permission.jpg,.jpg,926210,RISK: Yard file mentions Social,yes,no,no,"Review before using; keep only if this is an explicit warning/source note, otherwise remove or rename."
Sizzle Yard,materials/city-pages/02-needs-edit/indoor-party-faces-offbrand.jpg,/Users/sizzlesocial/Documents/yard hibachi/materials/city-pages/02-needs-edit/indoor-party-faces-offbrand.jpg,.jpg,3536218,RISK: Yard file mentions Social,yes,no,no,"Review before using; keep only if this is an explicit warning/source note, otherwise remove or rename."
Sizzle Yard,materials/city-pages/02-needs-edit/real-night-party-needs-permission-crop.jpg,/Users/sizzlesocial/Documents/yard hibachi/materials/city-pages/02-needs-edit/real-night-party-needs-permission-crop.jpg,.jpg,1947463,RISK: Yard file mentions Social,yes,no,no,"Review before using; keep only if this is an explicit warning/source note, otherwise remove or rename."
Sizzle Yard,materials/city-pages/03-ai-backup/chef-apron-fire-wide-backup.jpg,/Users/sizzlesocial/Documents/yard hibachi/materials/city-pages/03-ai-backup/chef-apron-fire-wide-backup.jpg,.jpg,124050,RISK: Yard file mentions Social,yes,no,no,"Review before using; keep only if this is an explicit warning/source note, otherwise remove or rename."
Sizzle Yard,materials/city-pages/03-ai-backup/chef-apron-party-wide-backup.jpg,/Users/sizzlesocial/Documents/yard hibachi/materials/city-pages/03-ai-backup/chef-apron-party-wide-backup.jpg,.jpg,115041,RISK: Yard file mentions Social,yes,no,no,"Review before using; keep only if this is an explicit warning/source note, otherwise remove or rename."
Sizzle Yard,mobile-hibachi-arcadia.html,/Users/sizzlesocial/Documents/yard hibachi/mobile-hibachi-arcadia.html,.html,3685,RISK: Yard file mentions Social,yes,yes,no,"Review before using; keep only if this is an explicit warning/source note, otherwise remove or rename."
Sizzle Yard,orange-county-hibachi-at-home.html,/Users/sizzlesocial/Documents/yard hibachi/orange-county-hibachi-at-home.html,.html,3593,RISK: Yard file mentions Social,yes,yes,no,"Review before using; keep only if this is an explicit warning/source note, otherwise remove or rename."
Sizzle Yard,order_automation_plan.md,/Users/sizzlesocial/Documents/yard hibachi/order_automation_plan.md,.md,1688,RISK: Yard file mentions Social,yes,yes,no,"Review before using; keep only if this is an explicit warning/source note, otherwise remove or rename."
Sizzle Yard,package.json,/Users/sizzlesocial/Documents/yard hibachi/package.json,.json,152,RISK: Yard file mentions Social,yes,no,no,"Review before using; keep only if this is an explicit warning/source note, otherwise remove or rename."
Sizzle Yard,photo_usage_rules.md,/Users/sizzlesocial/Documents/yard hibachi/photo_usage_rules.md,.md,1927,RISK: Yard file mentions Social,yes,yes,no,"Review before using; keep only if this is an explicit warning/source note, otherwise remove or rename."
Sizzle Yard,photos/.DS_Store,/Users/sizzlesocial/Documents/yard hibachi/photos/.DS_Store,[none],8196,RISK: Yard file mentions Social,yes,no,no,"Review before using; keep only if this is an explicit warning/source note, otherwise remove or rename."
Sizzle Yard,photos/raw-airdrop/121523B6-F455-47E2-9BAD-CDB790B24CA5.PNG,/Users/sizzlesocial/Documents/yard hibachi/photos/raw-airdrop/121523B6-F455-47E2-9BAD-CDB790B24CA5.PNG,.png,2365419,RISK: Yard file mentions Social,yes,no,no,"Review before using; keep only if this is an explicit warning/source note, otherwise remove or rename."
Sizzle Yard,photos/raw-airdrop/13A34E59-DFEE-4892-873F-CF9DBAD978A7.PNG,/Users/sizzlesocial/Documents/yard hibachi/photos/raw-airdrop/13A34E59-DFEE-4892-873F-CF9DBAD978A7.PNG,.png,3632614,RISK: Yard file mentions Social,yes,no,no,"Review before using; keep only if this is an explicit warning/source note, otherwise remove or rename."
Sizzle Yard,photos/raw-airdrop/AF3F0452-4703-4FB8-A9F5-7461C3F85CAE.PNG,/Users/sizzlesocial/Documents/yard hibachi/photos/raw-airdrop/AF3F0452-4703-4FB8-A9F5-7461C3F85CAE.PNG,.png,3554290,RISK: Yard file mentions Social,yes,no,no,"Review before using; keep only if this is an explicit warning/source note, otherwise remove or rename."
Sizzle Yard,photos/raw-airdrop/BF126A5C-D3C8-4F1B-8E63-98718DD004CF.PNG,/Users/sizzlesocial/Documents/yard hibachi/photos/raw-airdrop/BF126A5C-D3C8-4F1B-8E63-98718DD004CF.PNG,.png,3510242,RISK: Yard file mentions Social,yes,no,no,"Review before using; keep only if this is an explicit warning/source note, otherwise remove or rename."
Sizzle Yard,photos/selected-for-website/backyard-party-wide-setup.PNG,/Users/sizzlesocial/Documents/yard hibachi/photos/selected-for-website/backyard-party-wide-setup.PNG,.png,3632614,RISK: Yard file mentions Social,yes,no,no,"Review before using; keep only if this is an explicit warning/source note, otherwise remove or rename."
Sizzle Yard,photos/selected-for-website/birthday-fire-moment-vertical.PNG,/Users/sizzlesocial/Documents/yard hibachi/photos/selected-for-website/birthday-fire-moment-vertical.PNG,.png,2365419,RISK: Yard file mentions Social,yes,no,no,"Review before using; keep only if this is an explicit warning/source note, otherwise remove or rename."
Sizzle Yard,photos/selected-for-website/grill-and-party-setup-wide.PNG,/Users/sizzlesocial/Documents/yard hibachi/photos/selected-for-website/grill-and-party-setup-wide.PNG,.png,3554290,RISK: Yard file mentions Social,yes,no,no,"Review before using; keep only if this is an explicit warning/source note, otherwise remove or rename."
Sizzle Yard,photos/selected-for-website/grill-party-clean-setup-wide.PNG,/Users/sizzlesocial/Documents/yard hibachi/photos/selected-for-website/grill-party-clean-setup-wide.PNG,.png,3510242,RISK: Yard file mentions Social,yes,no,no,"Review before using; keep only if this is an explicit warning/source note, otherwise remove or rename."
Sizzle Yard,photos/website-ready/README.md,/Users/sizzlesocial/Documents/yard hibachi/photos/website-ready/README.md,.md,1578,RISK: Yard file mentions Social,yes,yes,no,"Review before using; keep only if this is an explicit warning/source note, otherwise remove or rename."
Sizzle Yard,photos/website-ready/backyard-hibachi-birthday-party.jpg,/Users/sizzlesocial/Documents/yard hibachi/photos/website-ready/backyard-hibachi-birthday-party.jpg,.jpg,573565,RISK: Yard file mentions Social,yes,no,no,"Review before using; keep only if this is an explicit warning/source note, otherwise remove or rename."
Sizzle Yard,photos/website-ready/backyard-hibachi-clean-setup.jpg,/Users/sizzlesocial/Documents/yard hibachi/photos/website-ready/backyard-hibachi-clean-setup.jpg,.jpg,557705,RISK: Yard file mentions Social,yes,no,no,"Review before using; keep only if this is an explicit warning/source note, otherwise remove or rename."
Sizzle Yard,photos/website-ready/birthday-hibachi-fire-moment.jpg,/Users/sizzlesocial/Documents/yard hibachi/photos/website-ready/birthday-hibachi-fire-moment.jpg,.jpg,900986,RISK: Yard file mentions Social,yes,no,no,"Review before using; keep only if this is an explicit warning/source note, otherwise remove or rename."
Sizzle Yard,photos/website-ready/hibachi-grill-party-setup.jpg,/Users/sizzlesocial/Documents/yard hibachi/photos/website-ready/hibachi-grill-party-setup.jpg,.jpg,579343,RISK: Yard file mentions Social,yes,no,no,"Review before using; keep only if this is an explicit warning/source note, otherwise remove or rename."
Sizzle Yard,robots.txt,/Users/sizzlesocial/Documents/yard hibachi/robots.txt,.txt,75,RISK: Yard file mentions Social,yes,yes,no,"Review before using; keep only if this is an explicit warning/source note, otherwise remove or rename."
Sizzle Yard,script.js,/Users/sizzlesocial/Documents/yard hibachi/script.js,.js,6788,RISK: Yard file mentions Social,yes,yes,no,"Review before using; keep only if this is an explicit warning/source note, otherwise remove or rename."
Sizzle Yard,scripts/build_sizzle_yard_leads_sheet.mjs,/Users/sizzlesocial/Documents/yard hibachi/scripts/build_sizzle_yard_leads_sheet.mjs,.mjs,5313,RISK: Yard file mentions Social,yes,yes,no,"Review before using; keep only if this is an explicit warning/source note, otherwise remove or rename."
Sizzle Yard,scripts/check_site.py,/Users/sizzlesocial/Documents/yard hibachi/scripts/check_site.py,.py,1606,RISK: Yard file mentions Social,yes,no,no,"Review before using; keep only if this is an explicit warning/source note, otherwise remove or rename."
Sizzle Yard,site.webmanifest,/Users/sizzlesocial/Documents/yard hibachi/site.webmanifest,.webmanifest,521,RISK: Yard file mentions Social,yes,no,no,"Review before using; keep only if this is an explicit warning/source note, otherwise remove or rename."
Sizzle Yard,sitemap.xml,/Users/sizzlesocial/Documents/yard hibachi/sitemap.xml,.xml,1495,RISK: Yard file mentions Social,yes,yes,no,"Review before using; keep only if this is an explicit warning/source note, otherwise remove or rename."
Sizzle Yard,sizzle_yard_hibachi_validation_package.md,/Users/sizzlesocial/Documents/yard hibachi/sizzle_yard_hibachi_validation_package.md,.md,11104,RISK: Yard file mentions Social,yes,yes,no,"Review before using; keep only if this is an explicit warning/source note, otherwise remove or rename."
Sizzle Yard,styles.css,/Users/sizzlesocial/Documents/yard hibachi/styles.css,.css,16750,RISK: Yard file mentions Social,yes,no,no,"Review before using; keep only if this is an explicit warning/source note, otherwise remove or rename."
Sizzle Yard,thank-you.html,/Users/sizzlesocial/Documents/yard hibachi/thank-you.html,.html,1795,RISK: Yard file mentions Social,yes,yes,no,"Review before using; keep only if this is an explicit warning/source note, otherwise remove or rename."
Sizzle Yard,tracking_plan.md,/Users/sizzlesocial/Documents/yard hibachi/tracking_plan.md,.md,2082,RISK: Yard file mentions Social,yes,yes,no,"Review before using; keep only if this is an explicit warning/source note, otherwise remove or rename."
Sizzle Yard,vercel.json,/Users/sizzlesocial/Documents/yard hibachi/vercel.json,.json,435,RISK: Yard file mentions Social,yes,no,no,"Review before using; keep only if this is an explicit warning/source note, otherwise remove or rename."
Sizzle Social,.DS_Store,/Users/sizzlesocial/Documents/hibachi/.DS_Store,[none],12292,SOCIAL: owned/reference,yes,no,no,Do not copy assets to Yard unless explicitly approved and rebranded.
Sizzle Social,Archive - Source Drafts and Old Copies/carrd-drafts/carrd-current-site-replacement-copy.md,/Users/sizzlesocial/Documents/hibachi/Archive - Source Drafts and Old Copies/carrd-drafts/carrd-current-site-replacement-copy.md,.md,5419,SOCIAL: owned/reference,yes,no,no,Do not copy assets to Yard unless explicitly approved and rebranded.
Sizzle Social,Archive - Source Drafts and Old Copies/carrd-drafts/carrd-rebuild-blueprint.md,/Users/sizzlesocial/Documents/hibachi/Archive - Source Drafts and Old Copies/carrd-drafts/carrd-rebuild-blueprint.md,.md,7086,SOCIAL: owned/reference,yes,no,no,Do not copy assets to Yard unless explicitly approved and rebranded.
Sizzle Social,Archive - Source Drafts and Old Copies/carrd-drafts/carrd-speed-optimized-copy.md,/Users/sizzlesocial/Documents/hibachi/Archive - Source Drafts and Old Copies/carrd-drafts/carrd-speed-optimized-copy.md,.md,9150,SOCIAL: owned/reference,yes,no,no,Do not copy assets to Yard unless explicitly approved and rebranded.
Sizzle Social,Archive - Source Drafts and Old Copies/generated-output-copies/output/.DS_Store,/Users/sizzlesocial/Documents/hibachi/Archive - Source Drafts and Old Copies/generated-output-copies/output/.DS_Store,[none],6148,SOCIAL: owned/reference,yes,no,no,Do not copy assets to Yard unless explicitly approved and rebranded.
Sizzle Social,Archive - Source Drafts and Old Copies/generated-output-copies/output/pdf/Full Booking Manager SOP English.pdf,/Users/sizzlesocial/Documents/hibachi/Archive - Source Drafts and Old Copies/generated-output-copies/output/pdf/Full Booking Manager SOP English.pdf,.pdf,19119,SOCIAL: owned/reference,yes,no,no,Do not copy assets to Yard unless explicitly approved and rebranded.
Sizzle Social,Archive - Source Drafts and Old Copies/generated-output-copies/output/pdf/Menu & Upgrades English.pdf,/Users/sizzlesocial/Documents/hibachi/Archive - Source Drafts and Old Copies/generated-output-copies/output/pdf/Menu & Upgrades English.pdf,.pdf,4100,SOCIAL: owned/reference,yes,no,no,Do not copy assets to Yard unless explicitly approved and rebranded.
Sizzle Social,Archive - Source Drafts and Old Copies/generated-output-copies/output/pdf/Part-Time Booking Manager SOP English.pdf,/Users/sizzlesocial/Documents/hibachi/Archive - Source Drafts and Old Copies/generated-output-copies/output/pdf/Part-Time Booking Manager SOP English.pdf,.pdf,8963,SOCIAL: owned/reference,yes,no,no,Do not copy assets to Yard unless explicitly approved and rebranded.
Sizzle Social,Archive - Source Drafts and Old Copies/source-md/booking-manager-playbook.md,/Users/sizzlesocial/Documents/hibachi/Archive - Source Drafts and Old Copies/source-md/booking-manager-playbook.md,.md,15693,SOCIAL: owned/reference,yes,no,no,Do not copy assets to Yard unless explicitly approved and rebranded.
Sizzle Social,Archive - Source Drafts and Old Copies/source-md/booking-manager-sop-english.md,/Users/sizzlesocial/Documents/hibachi/Archive - Source Drafts and Old Copies/source-md/booking-manager-sop-english.md,.md,12468,SOCIAL: owned/reference,yes,no,no,Do not copy assets to Yard unless explicitly approved and rebranded.
Sizzle Social,Archive - Source Drafts and Old Copies/source-md/menu-and-upgrades-chinese.md,/Users/sizzlesocial/Documents/hibachi/Archive - Source Drafts and Old Copies/source-md/menu-and-upgrades-chinese.md,.md,1424,SOCIAL: owned/reference,yes,no,no,Do not copy assets to Yard unless explicitly approved and rebranded.
Sizzle Social,Archive - Source Drafts and Old Copies/source-md/menu-and-upgrades-english.md,/Users/sizzlesocial/Documents/hibachi/Archive - Source Drafts and Old Copies/source-md/menu-and-upgrades-english.md,.md,1460,SOCIAL: owned/reference,yes,no,no,Do not copy assets to Yard unless explicitly approved and rebranded.
Sizzle Social,Archive - Source Drafts and Old Copies/source-md/part-time-booking-manager-one-page.md,/Users/sizzlesocial/Documents/hibachi/Archive - Source Drafts and Old Copies/source-md/part-time-booking-manager-one-page.md,.md,4698,SOCIAL: owned/reference,yes,no,no,Do not copy assets to Yard unless explicitly approved and rebranded.
Sizzle Social,Archive - Source Drafts and Old Copies/source-md/part-time-booking-manager-sop-english.md,/Users/sizzlesocial/Documents/hibachi/Archive - Source Drafts and Old Copies/source-md/part-time-booking-manager-sop-english.md,.md,5026,SOCIAL: owned/reference,yes,no,no,Do not copy assets to Yard unless explicitly approved and rebranded.
Sizzle Social,Google Business Optimization Notes.md,/Users/sizzlesocial/Documents/hibachi/Google Business Optimization Notes.md,.md,1455,SOCIAL: owned/reference,yes,no,no,Do not copy assets to Yard unless explicitly approved and rebranded.
Sizzle Social,Google Business Post - Birthday Hibachi/google-post-birthday-hibachi-60.jpg,/Users/sizzlesocial/Documents/hibachi/Google Business Post - Birthday Hibachi/google-post-birthday-hibachi-60.jpg,.jpg,251841,SOCIAL: owned/reference,yes,no,no,Do not copy assets to Yard unless explicitly approved and rebranded.
Sizzle Social,Google Business Post - Birthday Hibachi/google-post-birthday-hibachi-60.png,/Users/sizzlesocial/Documents/hibachi/Google Business Post - Birthday Hibachi/google-post-birthday-hibachi-60.png,.png,877421,SOCIAL: owned/reference,yes,no,no,Do not copy assets to Yard unless explicitly approved and rebranded.
Sizzle Social,Google Business Post - Birthday Hibachi/google-post-copy.txt,/Users/sizzlesocial/Documents/hibachi/Google Business Post - Birthday Hibachi/google-post-copy.txt,.txt,727,SOCIAL: owned/reference,yes,no,no,Do not copy assets to Yard unless explicitly approved and rebranded.
Sizzle Social,Google Business Profile Description.txt,/Users/sizzlesocial/Documents/hibachi/Google Business Profile Description.txt,.txt,724,SOCIAL: owned/reference,yes,no,no,Do not copy assets to Yard unless explicitly approved and rebranded.
Sizzle Social,Google Upload - Food Photos JPG/.DS_Store,/Users/sizzlesocial/Documents/hibachi/Google Upload - Food Photos JPG/.DS_Store,[none],8196,SOCIAL: owned/reference,yes,no,no,Do not copy assets to Yard unless explicitly approved and rebranded.
Sizzle Social,Google Upload - Food Photos JPG/00-60-package-full-menu.jpg,/Users/sizzlesocial/Documents/hibachi/Google Upload - Food Photos JPG/00-60-package-full-menu.jpg,.jpg,497160,SOCIAL: owned/reference,yes,no,no,Do not copy assets to Yard unless explicitly approved and rebranded.
Sizzle Social,Google Upload - Food Photos JPG/01-fried-rice.jpg,/Users/sizzlesocial/Documents/hibachi/Google Upload - Food Photos JPG/01-fried-rice.jpg,.jpg,227441,SOCIAL: owned/reference,yes,no,no,Do not copy assets to Yard unless explicitly approved and rebranded.
Sizzle Social,Google Upload - Food Photos JPG/02-hibachi-combo.jpg,/Users/sizzlesocial/Documents/hibachi/Google Upload - Food Photos JPG/02-hibachi-combo.jpg,.jpg,233458,SOCIAL: owned/reference,yes,no,no,Do not copy assets to Yard unless explicitly approved and rebranded.
Sizzle Social,Google Upload - Food Photos JPG/03-chicken.jpg,/Users/sizzlesocial/Documents/hibachi/Google Upload - Food Photos JPG/03-chicken.jpg,.jpg,213415,SOCIAL: owned/reference,yes,no,no,Do not copy assets to Yard unless explicitly approved and rebranded.
Sizzle Social,Google Upload - Food Photos JPG/04-ny-steak.jpg,/Users/sizzlesocial/Documents/hibachi/Google Upload - Food Photos JPG/04-ny-steak.jpg,.jpg,218220,SOCIAL: owned/reference,yes,no,no,Do not copy assets to Yard unless explicitly approved and rebranded.
Sizzle Social,Google Upload - Food Photos JPG/05-filet-mignon.jpg,/Users/sizzlesocial/Documents/hibachi/Google Upload - Food Photos JPG/05-filet-mignon.jpg,.jpg,331371,SOCIAL: owned/reference,yes,no,no,Do not copy assets to Yard unless explicitly approved and rebranded.
Sizzle Social,Google Upload - Food Photos JPG/06-shrimp.jpg,/Users/sizzlesocial/Documents/hibachi/Google Upload - Food Photos JPG/06-shrimp.jpg,.jpg,230456,SOCIAL: owned/reference,yes,no,no,Do not copy assets to Yard unless explicitly approved and rebranded.
Sizzle Social,Google Upload - Food Photos JPG/07-salmon.jpg,/Users/sizzlesocial/Documents/hibachi/Google Upload - Food Photos JPG/07-salmon.jpg,.jpg,220343,SOCIAL: owned/reference,yes,no,no,Do not copy assets to Yard unless explicitly approved and rebranded.
Sizzle Social,Google Upload - Food Photos JPG/08-scallops.jpg,/Users/sizzlesocial/Documents/hibachi/Google Upload - Food Photos JPG/08-scallops.jpg,.jpg,211939,SOCIAL: owned/reference,yes,no,no,Do not copy assets to Yard unless explicitly approved and rebranded.
Sizzle Social,Google Upload - Food Photos JPG/09-lobster-tail.jpg,/Users/sizzlesocial/Documents/hibachi/Google Upload - Food Photos JPG/09-lobster-tail.jpg,.jpg,217404,SOCIAL: owned/reference,yes,no,no,Do not copy assets to Yard unless explicitly approved and rebranded.
Sizzle Social,Google Upload - Food Photos JPG/10-wagyu.jpg,/Users/sizzlesocial/Documents/hibachi/Google Upload - Food Photos JPG/10-wagyu.jpg,.jpg,314245,SOCIAL: owned/reference,yes,no,no,Do not copy assets to Yard unless explicitly approved and rebranded.
Sizzle Social,Google Upload - Food Photos JPG/11-tofu-vegetables.jpg,/Users/sizzlesocial/Documents/hibachi/Google Upload - Food Photos JPG/11-tofu-vegetables.jpg,.jpg,201837,SOCIAL: owned/reference,yes,no,no,Do not copy assets to Yard unless explicitly approved and rebranded.
Sizzle Social,Google Upload - Food Photos JPG/12-mixed-vegetables.jpg,/Users/sizzlesocial/Documents/hibachi/Google Upload - Food Photos JPG/12-mixed-vegetables.jpg,.jpg,280008,SOCIAL: owned/reference,yes,no,no,Do not copy assets to Yard unless explicitly approved and rebranded.
Sizzle Social,Google Upload - Food Photos JPG/13-udon-noodles.jpg,/Users/sizzlesocial/Documents/hibachi/Google Upload - Food Photos JPG/13-udon-noodles.jpg,.jpg,361554,SOCIAL: owned/reference,yes,no,no,Do not copy assets to Yard unless explicitly approved and rebranded.
Sizzle Social,Google Upload - Food Photos JPG/14-gyoza-dumplings.jpg,/Users/sizzlesocial/Documents/hibachi/Google Upload - Food Photos JPG/14-gyoza-dumplings.jpg,.jpg,263432,SOCIAL: owned/reference,yes,no,no,Do not copy assets to Yard unless explicitly approved and rebranded.
Sizzle Social,Google Upload - Food Photos JPG/15-edamame.jpg,/Users/sizzlesocial/Documents/hibachi/Google Upload - Food Photos JPG/15-edamame.jpg,.jpg,260395,SOCIAL: owned/reference,yes,no,no,Do not copy assets to Yard unless explicitly approved and rebranded.
Sizzle Social,Google Upload - Food Photos JPG/16-seaweed-salad.jpg,/Users/sizzlesocial/Documents/hibachi/Google Upload - Food Photos JPG/16-seaweed-salad.jpg,.jpg,355788,SOCIAL: owned/reference,yes,no,no,Do not copy assets to Yard unless explicitly approved and rebranded.
Sizzle Social,Google Upload - Food Photos JPG/README.txt,/Users/sizzlesocial/Documents/hibachi/Google Upload - Food Photos JPG/README.txt,.txt,100,SOCIAL: owned/reference,yes,no,no,Do not copy assets to Yard unless explicitly approved and rebranded.
Sizzle Social,Ready to Upload - Google Business Menu Images/README.md,/Users/sizzlesocial/Documents/hibachi/Ready to Upload - Google Business Menu Images/README.md,.md,509,SOCIAL: owned/reference,yes,no,no,Do not copy assets to Yard unless explicitly approved and rebranded.
Sizzle Social,Ready to Upload - Google Business Menu Images/Sizzle Social Hibachi - Full Menu for 60 Package.jpg,/Users/sizzlesocial/Documents/hibachi/Ready to Upload - Google Business Menu Images/Sizzle Social Hibachi - Full Menu for 60 Package.jpg,.jpg,497160,SOCIAL: owned/reference,yes,no,no,Do not copy assets to Yard unless explicitly approved and rebranded.
Sizzle Social,Ready to Upload - Google Business Menu Images/Sizzle Social Hibachi - Full Menu for 60 Package.png,/Users/sizzlesocial/Documents/hibachi/Ready to Upload - Google Business Menu Images/Sizzle Social Hibachi - Full Menu for 60 Package.png,.png,1548444,SOCIAL: owned/reference,yes,no,no,Do not copy assets to Yard unless explicitly approved and rebranded.
Sizzle Social,Ready to Upload - Google Business Menu Images/Sizzle Social Hibachi - Google Business Menu - JPG Upload.jpg,/Users/sizzlesocial/Documents/hibachi/Ready to Upload - Google Business Menu Images/Sizzle Social Hibachi - Google Business Menu - JPG Upload.jpg,.jpg,608226,SOCIAL: owned/reference,yes,no,no,Do not copy assets to Yard unless explicitly approved and rebranded.
Sizzle Social,Ready to Upload - Google Business Menu Images/Sizzle Social Hibachi - Google Business Menu - PNG High Quality.png,/Users/sizzlesocial/Documents/hibachi/Ready to Upload - Google Business Menu Images/Sizzle Social Hibachi - Google Business Menu - PNG High Quality.png,.png,174301,SOCIAL: owned/reference,yes,no,no,Do not copy assets to Yard unless explicitly approved and rebranded.
Sizzle Social,Ready to Upload - Google Business Menu Images/google-menu-60-package.jpg,/Users/sizzlesocial/Documents/hibachi/Ready to Upload - Google Business Menu Images/google-menu-60-package.jpg,.jpg,497160,SOCIAL: owned/reference,yes,no,no,Do not copy assets to Yard unless explicitly approved and rebranded.
Sizzle Social,Ready to Use - Food Image PDFs/01-fried-rice.pdf,/Users/sizzlesocial/Documents/hibachi/Ready to Use - Food Image PDFs/01-fried-rice.pdf,.pdf,421764,SOCIAL: owned/reference,yes,no,no,Do not copy assets to Yard unless explicitly approved and rebranded.
Sizzle Social,Ready to Use - Food Image PDFs/02-hibachi-combo.pdf,/Users/sizzlesocial/Documents/hibachi/Ready to Use - Food Image PDFs/02-hibachi-combo.pdf,.pdf,439700,SOCIAL: owned/reference,yes,no,no,Do not copy assets to Yard unless explicitly approved and rebranded.
Sizzle Social,Ready to Use - Food Image PDFs/03-chicken.pdf,/Users/sizzlesocial/Documents/hibachi/Ready to Use - Food Image PDFs/03-chicken.pdf,.pdf,423454,SOCIAL: owned/reference,yes,no,no,Do not copy assets to Yard unless explicitly approved and rebranded.
Sizzle Social,Ready to Use - Food Image PDFs/04-ny-steak.pdf,/Users/sizzlesocial/Documents/hibachi/Ready to Use - Food Image PDFs/04-ny-steak.pdf,.pdf,396093,SOCIAL: owned/reference,yes,no,no,Do not copy assets to Yard unless explicitly approved and rebranded.
Sizzle Social,Ready to Use - Food Image PDFs/05-filet-mignon.pdf,/Users/sizzlesocial/Documents/hibachi/Ready to Use - Food Image PDFs/05-filet-mignon.pdf,.pdf,589320,SOCIAL: owned/reference,yes,no,no,Do not copy assets to Yard unless explicitly approved and rebranded.
Sizzle Social,Ready to Use - Food Image PDFs/06-shrimp.pdf,/Users/sizzlesocial/Documents/hibachi/Ready to Use - Food Image PDFs/06-shrimp.pdf,.pdf,417110,SOCIAL: owned/reference,yes,no,no,Do not copy assets to Yard unless explicitly approved and rebranded.
Sizzle Social,Ready to Use - Food Image PDFs/07-salmon.pdf,/Users/sizzlesocial/Documents/hibachi/Ready to Use - Food Image PDFs/07-salmon.pdf,.pdf,438865,SOCIAL: owned/reference,yes,no,no,Do not copy assets to Yard unless explicitly approved and rebranded.
Sizzle Social,Ready to Use - Food Image PDFs/08-scallops.pdf,/Users/sizzlesocial/Documents/hibachi/Ready to Use - Food Image PDFs/08-scallops.pdf,.pdf,419129,SOCIAL: owned/reference,yes,no,no,Do not copy assets to Yard unless explicitly approved and rebranded.
Sizzle Social,Ready to Use - Food Image PDFs/09-lobster-tail.pdf,/Users/sizzlesocial/Documents/hibachi/Ready to Use - Food Image PDFs/09-lobster-tail.pdf,.pdf,420517,SOCIAL: owned/reference,yes,no,no,Do not copy assets to Yard unless explicitly approved and rebranded.
Sizzle Social,Ready to Use - Food Image PDFs/10-wagyu.pdf,/Users/sizzlesocial/Documents/hibachi/Ready to Use - Food Image PDFs/10-wagyu.pdf,.pdf,565129,SOCIAL: owned/reference,yes,no,no,Do not copy assets to Yard unless explicitly approved and rebranded.
Sizzle Social,Ready to Use - Food Image PDFs/11-tofu-vegetables.pdf,/Users/sizzlesocial/Documents/hibachi/Ready to Use - Food Image PDFs/11-tofu-vegetables.pdf,.pdf,408495,SOCIAL: owned/reference,yes,no,no,Do not copy assets to Yard unless explicitly approved and rebranded.
Sizzle Social,Ready to Use - Food Image PDFs/12-mixed-vegetables.pdf,/Users/sizzlesocial/Documents/hibachi/Ready to Use - Food Image PDFs/12-mixed-vegetables.pdf,.pdf,517802,SOCIAL: owned/reference,yes,no,no,Do not copy assets to Yard unless explicitly approved and rebranded.
Sizzle Social,Ready to Use - Food Image PDFs/13-udon-noodles.pdf,/Users/sizzlesocial/Documents/hibachi/Ready to Use - Food Image PDFs/13-udon-noodles.pdf,.pdf,636925,SOCIAL: owned/reference,yes,no,no,Do not copy assets to Yard unless explicitly approved and rebranded.
Sizzle Social,Ready to Use - Food Image PDFs/14-gyoza-dumplings.pdf,/Users/sizzlesocial/Documents/hibachi/Ready to Use - Food Image PDFs/14-gyoza-dumplings.pdf,.pdf,493452,SOCIAL: owned/reference,yes,no,no,Do not copy assets to Yard unless explicitly approved and rebranded.
Sizzle Social,Ready to Use - Food Image PDFs/15-edamame.pdf,/Users/sizzlesocial/Documents/hibachi/Ready to Use - Food Image PDFs/15-edamame.pdf,.pdf,488317,SOCIAL: owned/reference,yes,no,no,Do not copy assets to Yard unless explicitly approved and rebranded.
Sizzle Social,Ready to Use - Food Image PDFs/16-seaweed-salad.pdf,/Users/sizzlesocial/Documents/hibachi/Ready to Use - Food Image PDFs/16-seaweed-salad.pdf,.pdf,633911,SOCIAL: owned/reference,yes,no,no,Do not copy assets to Yard unless explicitly approved and rebranded.
Sizzle Social,Ready to Use - Food Image PDFs/README.md,/Users/sizzlesocial/Documents/hibachi/Ready to Use - Food Image PDFs/README.md,.md,365,SOCIAL: owned/reference,yes,no,no,Do not copy assets to Yard unless explicitly approved and rebranded.
Sizzle Social,Ready to Use - Food Image PDFs/Sizzle Social Hibachi - Food Images Collection.pdf,/Users/sizzlesocial/Documents/hibachi/Ready to Use - Food Image PDFs/Sizzle Social Hibachi - Food Images Collection.pdf,.pdf,7703918,SOCIAL: owned/reference,yes,no,no,Do not copy assets to Yard unless explicitly approved and rebranded.
Sizzle Social,Ready to Use - Food Image PDFs/Sizzle Social Hibachi - Food Images Contact Sheet.jpg,/Users/sizzlesocial/Documents/hibachi/Ready to Use - Food Image PDFs/Sizzle Social Hibachi - Food Images Contact Sheet.jpg,.jpg,1532506,SOCIAL: owned/reference,yes,no,no,Do not copy assets to Yard unless explicitly approved and rebranded.
Sizzle Social,Ready to Use - Food Image PDFs/Sizzle Social Hibachi - Food Images Contact Sheet.pdf,/Users/sizzlesocial/Documents/hibachi/Ready to Use - Food Image PDFs/Sizzle Social Hibachi - Food Images Contact Sheet.pdf,.pdf,902808,SOCIAL: owned/reference,yes,no,no,Do not copy assets to Yard unless explicitly approved and rebranded.
Sizzle Social,Ready to Use - Food Image PDFs/source-images/01-fried-rice.jpg,/Users/sizzlesocial/Documents/hibachi/Ready to Use - Food Image PDFs/source-images/01-fried-rice.jpg,.jpg,27684,SOCIAL: owned/reference,yes,no,no,Do not copy assets to Yard unless explicitly approved and rebranded.
Sizzle Social,Ready to Use - Food Image PDFs/source-images/02-hibachi-combo.jpg,/Users/sizzlesocial/Documents/hibachi/Ready to Use - Food Image PDFs/source-images/02-hibachi-combo.jpg,.jpg,39706,SOCIAL: owned/reference,yes,no,no,Do not copy assets to Yard unless explicitly approved and rebranded.
Sizzle Social,Ready to Use - Food Image PDFs/source-images/03-chicken.jpg,/Users/sizzlesocial/Documents/hibachi/Ready to Use - Food Image PDFs/source-images/03-chicken.jpg,.jpg,34027,SOCIAL: owned/reference,yes,no,no,Do not copy assets to Yard unless explicitly approved and rebranded.
Sizzle Social,Ready to Use - Food Image PDFs/source-images/04-ny-steak.jpg,/Users/sizzlesocial/Documents/hibachi/Ready to Use - Food Image PDFs/source-images/04-ny-steak.jpg,.jpg,24745,SOCIAL: owned/reference,yes,no,no,Do not copy assets to Yard unless explicitly approved and rebranded.
Sizzle Social,Ready to Use - Food Image PDFs/source-images/05-filet-mignon.jpg,/Users/sizzlesocial/Documents/hibachi/Ready to Use - Food Image PDFs/source-images/05-filet-mignon.jpg,.jpg,485576,SOCIAL: owned/reference,yes,no,no,Do not copy assets to Yard unless explicitly approved and rebranded.
Sizzle Social,Ready to Use - Food Image PDFs/source-images/06-shrimp.jpg,/Users/sizzlesocial/Documents/hibachi/Ready to Use - Food Image PDFs/source-images/06-shrimp.jpg,.jpg,27339,SOCIAL: owned/reference,yes,no,no,Do not copy assets to Yard unless explicitly approved and rebranded.
Sizzle Social,Ready to Use - Food Image PDFs/source-images/07-salmon.jpg,/Users/sizzlesocial/Documents/hibachi/Ready to Use - Food Image PDFs/source-images/07-salmon.jpg,.jpg,35036,SOCIAL: owned/reference,yes,no,no,Do not copy assets to Yard unless explicitly approved and rebranded.
Sizzle Social,Ready to Use - Food Image PDFs/source-images/08-scallops.jpg,/Users/sizzlesocial/Documents/hibachi/Ready to Use - Food Image PDFs/source-images/08-scallops.jpg,.jpg,34172,SOCIAL: owned/reference,yes,no,no,Do not copy assets to Yard unless explicitly approved and rebranded.
Sizzle Social,Ready to Use - Food Image PDFs/source-images/09-lobster-tail.jpg,/Users/sizzlesocial/Documents/hibachi/Ready to Use - Food Image PDFs/source-images/09-lobster-tail.jpg,.jpg,34719,SOCIAL: owned/reference,yes,no,no,Do not copy assets to Yard unless explicitly approved and rebranded.
Sizzle Social,Ready to Use - Food Image PDFs/source-images/10-wagyu.jpg,/Users/sizzlesocial/Documents/hibachi/Ready to Use - Food Image PDFs/source-images/10-wagyu.jpg,.jpg,459349,SOCIAL: owned/reference,yes,no,no,Do not copy assets to Yard unless explicitly approved and rebranded.
Sizzle Social,Ready to Use - Food Image PDFs/source-images/11-tofu-vegetables.jpg,/Users/sizzlesocial/Documents/hibachi/Ready to Use - Food Image PDFs/source-images/11-tofu-vegetables.jpg,.jpg,31974,SOCIAL: owned/reference,yes,no,no,Do not copy assets to Yard unless explicitly approved and rebranded.
Sizzle Social,Ready to Use - Food Image PDFs/source-images/12-mixed-vegetables.jpg,/Users/sizzlesocial/Documents/hibachi/Ready to Use - Food Image PDFs/source-images/12-mixed-vegetables.jpg,.jpg,424041,SOCIAL: owned/reference,yes,no,no,Do not copy assets to Yard unless explicitly approved and rebranded.
Sizzle Social,Ready to Use - Food Image PDFs/source-images/13-udon-noodles.jpg,/Users/sizzlesocial/Documents/hibachi/Ready to Use - Food Image PDFs/source-images/13-udon-noodles.jpg,.jpg,538602,SOCIAL: owned/reference,yes,no,no,Do not copy assets to Yard unless explicitly approved and rebranded.
Sizzle Social,Ready to Use - Food Image PDFs/source-images/14-gyoza-dumplings.jpg,/Users/sizzlesocial/Documents/hibachi/Ready to Use - Food Image PDFs/source-images/14-gyoza-dumplings.jpg,.jpg,389787,SOCIAL: owned/reference,yes,no,no,Do not copy assets to Yard unless explicitly approved and rebranded.
Sizzle Social,Ready to Use - Food Image PDFs/source-images/15-edamame.jpg,/Users/sizzlesocial/Documents/hibachi/Ready to Use - Food Image PDFs/source-images/15-edamame.jpg,.jpg,392363,SOCIAL: owned/reference,yes,no,no,Do not copy assets to Yard unless explicitly approved and rebranded.
Sizzle Social,Ready to Use - Food Image PDFs/source-images/16-seaweed-salad.jpg,/Users/sizzlesocial/Documents/hibachi/Ready to Use - Food Image PDFs/source-images/16-seaweed-salad.jpg,.jpg,520079,SOCIAL: owned/reference,yes,no,no,Do not copy assets to Yard unless explicitly approved and rebranded.
Sizzle Social,Send to Booking Manager - PDFs/Full Booking Manager SOP English.pdf,/Users/sizzlesocial/Documents/hibachi/Send to Booking Manager - PDFs/Full Booking Manager SOP English.pdf,.pdf,19119,SOCIAL: owned/reference,yes,no,no,Do not copy assets to Yard unless explicitly approved and rebranded.
Sizzle Social,Send to Booking Manager - PDFs/Menu & Upgrades English.pdf,/Users/sizzlesocial/Documents/hibachi/Send to Booking Manager - PDFs/Menu & Upgrades English.pdf,.pdf,4100,SOCIAL: owned/reference,yes,no,no,Do not copy assets to Yard unless explicitly approved and rebranded.
Sizzle Social,Send to Booking Manager - PDFs/Part-Time Booking Manager SOP English.pdf,/Users/sizzlesocial/Documents/hibachi/Send to Booking Manager - PDFs/Part-Time Booking Manager SOP English.pdf,.pdf,8963,SOCIAL: owned/reference,yes,no,no,Do not copy assets to Yard unless explicitly approved and rebranded.
Sizzle Social,Send to Booking Manager - 中文 PDFs/兼职预定经理 SOP 中文版.pdf,/Users/sizzlesocial/Documents/hibachi/Send to Booking Manager - 中文 PDFs/兼职预定经理 SOP 中文版.pdf,.pdf,12046,SOCIAL: owned/reference,yes,no,no,Do not copy assets to Yard unless explicitly approved and rebranded.
Sizzle Social,Send to Booking Manager - 中文 PDFs/完整预定经理 SOP 中文版.pdf,/Users/sizzlesocial/Documents/hibachi/Send to Booking Manager - 中文 PDFs/完整预定经理 SOP 中文版.pdf,.pdf,28894,SOCIAL: owned/reference,yes,no,no,Do not copy assets to Yard unless explicitly approved and rebranded.
Sizzle Social,Send to Booking Manager - 中文 PDFs/菜单与升级项 中文版.pdf,/Users/sizzlesocial/Documents/hibachi/Send to Booking Manager - 中文 PDFs/菜单与升级项 中文版.pdf,.pdf,6553,SOCIAL: owned/reference,yes,no,no,Do not copy assets to Yard unless explicitly approved and rebranded.
Sizzle Social,output/menu-images/sizzle-social-hibachi-google-menu.jpg,/Users/sizzlesocial/Documents/hibachi/output/menu-images/sizzle-social-hibachi-google-menu.jpg,.jpg,608226,SOCIAL: owned/reference,yes,no,no,Do not copy assets to Yard unless explicitly approved and rebranded.
Sizzle Social,output/menu-images/sizzle-social-hibachi-google-menu.png,/Users/sizzlesocial/Documents/hibachi/output/menu-images/sizzle-social-hibachi-google-menu.png,.png,174301,SOCIAL: owned/reference,yes,no,no,Do not copy assets to Yard unless explicitly approved and rebranded.
Sizzle Social,scripts/create_google_menu_image.py,/Users/sizzlesocial/Documents/hibachi/scripts/create_google_menu_image.py,.py,7418,SOCIAL: owned/reference,yes,no,no,Do not copy assets to Yard unless explicitly approved and rebranded.
Sizzle Social,sizzle-social-site/.gitignore,/Users/sizzlesocial/Documents/hibachi/sizzle-social-site/.gitignore,[none],8,SOCIAL: owned/reference,yes,no,no,Do not copy assets to Yard unless explicitly approved and rebranded.
Sizzle Social,sizzle-social-site/.vercel/README.txt,/Users/sizzlesocial/Documents/hibachi/sizzle-social-site/.vercel/README.txt,.txt,520,SOCIAL: owned/reference,yes,no,no,Do not copy assets to Yard unless explicitly approved and rebranded.
Sizzle Social,sizzle-social-site/.vercel/project.json,/Users/sizzlesocial/Documents/hibachi/sizzle-social-site/.vercel/project.json,.json,123,SOCIAL: owned/reference,yes,no,no,Do not copy assets to Yard unless explicitly approved and rebranded.
Sizzle Social,sizzle-social-site/assets/images/birthday-hibachi-offer.jpg,/Users/sizzlesocial/Documents/hibachi/sizzle-social-site/assets/images/birthday-hibachi-offer.jpg,.jpg,251841,SOCIAL: owned/reference,yes,no,no,Do not copy assets to Yard unless explicitly approved and rebranded.
Sizzle Social,sizzle-social-site/assets/images/brand/sizzle-social-logo-web.jpg,/Users/sizzlesocial/Documents/hibachi/sizzle-social-site/assets/images/brand/sizzle-social-logo-web.jpg,.jpg,88431,SOCIAL: owned/reference,yes,no,no,Do not copy assets to Yard unless explicitly approved and rebranded.
Sizzle Social,sizzle-social-site/assets/images/brand/sizzle-social-logo.png,/Users/sizzlesocial/Documents/hibachi/sizzle-social-site/assets/images/brand/sizzle-social-logo.png,.png,1798745,SOCIAL: owned/reference,yes,no,no,Do not copy assets to Yard unless explicitly approved and rebranded.
Sizzle Social,sizzle-social-site/assets/images/food/chicken.jpg,/Users/sizzlesocial/Documents/hibachi/sizzle-social-site/assets/images/food/chicken.jpg,.jpg,132514,SOCIAL: owned/reference,yes,no,no,Do not copy assets to Yard unless explicitly approved and rebranded.
Sizzle Social,sizzle-social-site/assets/images/food/edamame.jpg,/Users/sizzlesocial/Documents/hibachi/sizzle-social-site/assets/images/food/edamame.jpg,.jpg,163071,SOCIAL: owned/reference,yes,no,no,Do not copy assets to Yard unless explicitly approved and rebranded.
Sizzle Social,sizzle-social-site/assets/images/food/fried-rice.jpg,/Users/sizzlesocial/Documents/hibachi/sizzle-social-site/assets/images/food/fried-rice.jpg,.jpg,227441,SOCIAL: owned/reference,yes,no,no,Do not copy assets to Yard unless explicitly approved and rebranded.
Sizzle Social,sizzle-social-site/assets/images/food/gyoza.jpg,/Users/sizzlesocial/Documents/hibachi/sizzle-social-site/assets/images/food/gyoza.jpg,.jpg,169439,SOCIAL: owned/reference,yes,no,no,Do not copy assets to Yard unless explicitly approved and rebranded.
Sizzle Social,sizzle-social-site/assets/images/food/hibachi-combo-fire-package.jpg,/Users/sizzlesocial/Documents/hibachi/sizzle-social-site/assets/images/food/hibachi-combo-fire-package.jpg,.jpg,445745,SOCIAL: owned/reference,yes,no,no,Do not copy assets to Yard unless explicitly approved and rebranded.
Sizzle Social,sizzle-social-site/assets/images/food/mixed-vegetables.jpg,/Users/sizzlesocial/Documents/hibachi/sizzle-social-site/assets/images/food/mixed-vegetables.jpg,.jpg,185356,SOCIAL: owned/reference,yes,no,no,Do not copy assets to Yard unless explicitly approved and rebranded.
Sizzle Social,sizzle-social-site/assets/images/food/salmon.jpg,/Users/sizzlesocial/Documents/hibachi/sizzle-social-site/assets/images/food/salmon.jpg,.jpg,147634,SOCIAL: owned/reference,yes,no,no,Do not copy assets to Yard unless explicitly approved and rebranded.
Sizzle Social,sizzle-social-site/assets/images/food/shrimp.jpg,/Users/sizzlesocial/Documents/hibachi/sizzle-social-site/assets/images/food/shrimp.jpg,.jpg,153012,SOCIAL: owned/reference,yes,no,no,Do not copy assets to Yard unless explicitly approved and rebranded.
Sizzle Social,sizzle-social-site/assets/images/fried-rice.jpg,/Users/sizzlesocial/Documents/hibachi/sizzle-social-site/assets/images/fried-rice.jpg,.jpg,227441,SOCIAL: owned/reference,yes,no,no,Do not copy assets to Yard unless explicitly approved and rebranded.
Sizzle Social,sizzle-social-site/assets/images/full-menu-60-package.jpg,/Users/sizzlesocial/Documents/hibachi/sizzle-social-site/assets/images/full-menu-60-package.jpg,.jpg,497160,SOCIAL: owned/reference,yes,no,no,Do not copy assets to Yard unless explicitly approved and rebranded.
Sizzle Social,sizzle-social-site/assets/images/hibachi-combo.jpg,/Users/sizzlesocial/Documents/hibachi/sizzle-social-site/assets/images/hibachi-combo.jpg,.jpg,233458,SOCIAL: owned/reference,yes,no,no,Do not copy assets to Yard unless explicitly approved and rebranded.
Sizzle Social,sizzle-social-site/assets/images/menu-card.jpg,/Users/sizzlesocial/Documents/hibachi/sizzle-social-site/assets/images/menu-card.jpg,.jpg,497160,SOCIAL: owned/reference,yes,no,no,Do not copy assets to Yard unless explicitly approved and rebranded.
Sizzle Social,sizzle-social-site/assets/images/ny-steak.jpg,/Users/sizzlesocial/Documents/hibachi/sizzle-social-site/assets/images/ny-steak.jpg,.jpg,218220,SOCIAL: owned/reference,yes,no,no,Do not copy assets to Yard unless explicitly approved and rebranded.
Sizzle Social,sizzle-social-site/assets/images/party/carrd-party-01.jpg,/Users/sizzlesocial/Documents/hibachi/sizzle-social-site/assets/images/party/carrd-party-01.jpg,.jpg,189953,SOCIAL: owned/reference,yes,no,no,Do not copy assets to Yard unless explicitly approved and rebranded.
Sizzle Social,sizzle-social-site/assets/images/party/carrd-party-02.jpg,/Users/sizzlesocial/Documents/hibachi/sizzle-social-site/assets/images/party/carrd-party-02.jpg,.jpg,244469,SOCIAL: owned/reference,yes,no,no,Do not copy assets to Yard unless explicitly approved and rebranded.
Sizzle Social,sizzle-social-site/assets/images/party/carrd-party-03.jpg,/Users/sizzlesocial/Documents/hibachi/sizzle-social-site/assets/images/party/carrd-party-03.jpg,.jpg,376828,SOCIAL: owned/reference,yes,no,no,Do not copy assets to Yard unless explicitly approved and rebranded.
Sizzle Social,sizzle-social-site/assets/images/party/carrd-party-04.jpg,/Users/sizzlesocial/Documents/hibachi/sizzle-social-site/assets/images/party/carrd-party-04.jpg,.jpg,363576,SOCIAL: owned/reference,yes,no,no,Do not copy assets to Yard unless explicitly approved and rebranded.
Sizzle Social,sizzle-social-site/assets/images/party/carrd-party-05.jpg,/Users/sizzlesocial/Documents/hibachi/sizzle-social-site/assets/images/party/carrd-party-05.jpg,.jpg,338811,SOCIAL: owned/reference,yes,no,no,Do not copy assets to Yard unless explicitly approved and rebranded.
Sizzle Social,sizzle-social-site/assets/images/party/carrd-party-06.jpg,/Users/sizzlesocial/Documents/hibachi/sizzle-social-site/assets/images/party/carrd-party-06.jpg,.jpg,216393,SOCIAL: owned/reference,yes,no,no,Do not copy assets to Yard unless explicitly approved and rebranded.
Sizzle Social,sizzle-social-site/assets/images/party/carrd-party-07.jpg,/Users/sizzlesocial/Documents/hibachi/sizzle-social-site/assets/images/party/carrd-party-07.jpg,.jpg,334656,SOCIAL: owned/reference,yes,no,no,Do not copy assets to Yard unless explicitly approved and rebranded.
Sizzle Social,sizzle-social-site/assets/images/party/carrd-video-poster.jpg,/Users/sizzlesocial/Documents/hibachi/sizzle-social-site/assets/images/party/carrd-video-poster.jpg,.jpg,76358,SOCIAL: owned/reference,yes,no,no,Do not copy assets to Yard unless explicitly approved and rebranded.
Sizzle Social,sizzle-social-site/assets/images/site-crops/backyard-chef-setup.jpg,/Users/sizzlesocial/Documents/hibachi/sizzle-social-site/assets/images/site-crops/backyard-chef-setup.jpg,.jpg,286281,SOCIAL: owned/reference,yes,no,no,Do not copy assets to Yard unless explicitly approved and rebranded.
Sizzle Social,sizzle-social-site/assets/images/site-crops/backyard-party-interaction.jpg,/Users/sizzlesocial/Documents/hibachi/sizzle-social-site/assets/images/site-crops/backyard-party-interaction.jpg,.jpg,233147,SOCIAL: owned/reference,yes,no,no,Do not copy assets to Yard unless explicitly approved and rebranded.
Sizzle Social,sizzle-social-site/assets/images/site-crops/birthday-table-guests.jpg,/Users/sizzlesocial/Documents/hibachi/sizzle-social-site/assets/images/site-crops/birthday-table-guests.jpg,.jpg,209459,SOCIAL: owned/reference,yes,no,no,Do not copy assets to Yard unless explicitly approved and rebranded.
Sizzle Social,sizzle-social-site/assets/images/site-crops/casual-backyard-party.jpg,/Users/sizzlesocial/Documents/hibachi/sizzle-social-site/assets/images/site-crops/casual-backyard-party.jpg,.jpg,295022,SOCIAL: owned/reference,yes,no,no,Do not copy assets to Yard unless explicitly approved and rebranded.
Sizzle Social,sizzle-social-site/assets/images/site-crops/chef-cooking-party.jpg,/Users/sizzlesocial/Documents/hibachi/sizzle-social-site/assets/images/site-crops/chef-cooking-party.jpg,.jpg,161028,SOCIAL: owned/reference,yes,no,no,Do not copy assets to Yard unless explicitly approved and rebranded.
Sizzle Social,sizzle-social-site/assets/images/site-crops/guests-fried-rice-party.jpg,/Users/sizzlesocial/Documents/hibachi/sizzle-social-site/assets/images/site-crops/guests-fried-rice-party.jpg,.jpg,191075,SOCIAL: owned/reference,yes,no,no,Do not copy assets to Yard unless explicitly approved and rebranded.
Sizzle Social,sizzle-social-site/assets/images/site-crops/night-fire-show-guests.jpg,/Users/sizzlesocial/Documents/hibachi/sizzle-social-site/assets/images/site-crops/night-fire-show-guests.jpg,.jpg,306864,SOCIAL: owned/reference,yes,no,no,Do not copy assets to Yard unless explicitly approved and rebranded.
Sizzle Social,sizzle-social-site/assets/images/site-crops/patio-hibachi-setup.jpg,/Users/sizzlesocial/Documents/hibachi/sizzle-social-site/assets/images/site-crops/patio-hibachi-setup.jpg,.jpg,286327,SOCIAL: owned/reference,yes,no,no,Do not copy assets to Yard unless explicitly approved and rebranded.
Sizzle Social,sizzle-social-site/assets/images/site-crops/wide-birthday-party.jpg,/Users/sizzlesocial/Documents/hibachi/sizzle-social-site/assets/images/site-crops/wide-birthday-party.jpg,.jpg,279575,SOCIAL: owned/reference,yes,no,no,Do not copy assets to Yard unless explicitly approved and rebranded.
Sizzle Social,sizzle-social-site/assets/images/site-crops/wide-patio-setup.jpg,/Users/sizzlesocial/Documents/hibachi/sizzle-social-site/assets/images/site-crops/wide-patio-setup.jpg,.jpg,269840,SOCIAL: owned/reference,yes,no,no,Do not copy assets to Yard unless explicitly approved and rebranded.
Sizzle Social,sizzle-social-site/assets/videos/birthday-hibachi-party.mp4,/Users/sizzlesocial/Documents/hibachi/sizzle-social-site/assets/videos/birthday-hibachi-party.mp4,.mp4,2849033,SOCIAL: owned/reference,yes,no,no,Do not copy assets to Yard unless explicitly approved and rebranded.
Sizzle Social,sizzle-social-site/birthday-hibachi-los-angeles.html,/Users/sizzlesocial/Documents/hibachi/sizzle-social-site/birthday-hibachi-los-angeles.html,.html,7094,SOCIAL: owns/shared Ads evidence,yes,no,yes,"If Yard uses same Ads ID, create separate conversion actions/campaign names."
Sizzle Social,sizzle-social-site/birthday-hibachi-orange-county.html,/Users/sizzlesocial/Documents/hibachi/sizzle-social-site/birthday-hibachi-orange-county.html,.html,7076,SOCIAL: owns/shared Ads evidence,yes,no,yes,"If Yard uses same Ads ID, create separate conversion actions/campaign names."
Sizzle Social,sizzle-social-site/hibachi-at-home-los-angeles.html,/Users/sizzlesocial/Documents/hibachi/sizzle-social-site/hibachi-at-home-los-angeles.html,.html,6555,SOCIAL: owns/shared Ads evidence,yes,no,yes,"If Yard uses same Ads ID, create separate conversion actions/campaign names."
Sizzle Social,sizzle-social-site/index.html,/Users/sizzlesocial/Documents/hibachi/sizzle-social-site/index.html,.html,18465,SOCIAL: owns/shared Ads evidence,yes,no,yes,"If Yard uses same Ads ID, create separate conversion actions/campaign names."
Sizzle Social,sizzle-social-site/private-hibachi-chef-orange-county.html,/Users/sizzlesocial/Documents/hibachi/sizzle-social-site/private-hibachi-chef-orange-county.html,.html,7034,SOCIAL: owns/shared Ads evidence,yes,no,yes,"If Yard uses same Ads ID, create separate conversion actions/campaign names."
Sizzle Social,sizzle-social-site/review.html,/Users/sizzlesocial/Documents/hibachi/sizzle-social-site/review.html,.html,1555,SOCIAL: owns/shared Ads evidence,yes,no,yes,"If Yard uses same Ads ID, create separate conversion actions/campaign names."
Sizzle Social,sizzle-social-site/robots.txt,/Users/sizzlesocial/Documents/hibachi/sizzle-social-site/robots.txt,.txt,77,SOCIAL: owned/reference,yes,no,no,Do not copy assets to Yard unless explicitly approved and rebranded.
Sizzle Social,sizzle-social-site/script.js,/Users/sizzlesocial/Documents/hibachi/sizzle-social-site/script.js,.js,3261,SOCIAL: owned/reference,yes,no,no,Do not copy assets to Yard unless explicitly approved and rebranded.
Sizzle Social,sizzle-social-site/sitemap.xml,/Users/sizzlesocial/Documents/hibachi/sizzle-social-site/sitemap.xml,.xml,625,SOCIAL: owned/reference,yes,no,no,Do not copy assets to Yard unless explicitly approved and rebranded.
Sizzle Social,sizzle-social-site/styles.css,/Users/sizzlesocial/Documents/hibachi/sizzle-social-site/styles.css,.css,15578,SOCIAL: owned/reference,yes,no,no,Do not copy assets to Yard unless explicitly approved and rebranded.
Sizzle Social,sizzle-social-site/thank-you.html,/Users/sizzlesocial/Documents/hibachi/sizzle-social-site/thank-you.html,.html,2313,SOCIAL: owns/shared Ads evidence,yes,no,yes,"If Yard uses same Ads ID, create separate conversion actions/campaign names."
Sizzle Social,sizzle-social-site/tracking.js,/Users/sizzlesocial/Documents/hibachi/sizzle-social-site/tracking.js,.js,912,SOCIAL: owns/shared Ads evidence,yes,no,yes,"If Yard uses same Ads ID, create separate conversion actions/campaign names."
Sizzle Social,sizzle-social-site/vercel.json,/Users/sizzlesocial/Documents/hibachi/sizzle-social-site/vercel.json,.json,226,SOCIAL: owned/reference,yes,no,no,Do not copy assets to Yard unless explicitly approved and rebranded.
Sizzle Social,tmp/clean-food-cache/chicken.jpg,/Users/sizzlesocial/Documents/hibachi/tmp/clean-food-cache/chicken.jpg,.jpg,32340,SOCIAL: owned/reference,yes,no,no,Do not copy assets to Yard unless explicitly approved and rebranded.
Sizzle Social,tmp/clean-food-cache/edamame.png,/Users/sizzlesocial/Documents/hibachi/tmp/clean-food-cache/edamame.png,.png,2253666,SOCIAL: owned/reference,yes,no,no,Do not copy assets to Yard unless explicitly approved and rebranded.
Sizzle Social,tmp/clean-food-cache/fried-rice.png,/Users/sizzlesocial/Documents/hibachi/tmp/clean-food-cache/fried-rice.png,.png,100175,SOCIAL: owned/reference,yes,no,no,Do not copy assets to Yard unless explicitly approved and rebranded.
Sizzle Social,tmp/clean-food-cache/gyoza-dumplings.png,/Users/sizzlesocial/Documents/hibachi/tmp/clean-food-cache/gyoza-dumplings.png,.png,2171025,SOCIAL: owned/reference,yes,no,no,Do not copy assets to Yard unless explicitly approved and rebranded.
Sizzle Social,tmp/clean-food-cache/hibachi-combo.png,/Users/sizzlesocial/Documents/hibachi/tmp/clean-food-cache/hibachi-combo.png,.png,140915,SOCIAL: owned/reference,yes,no,no,Do not copy assets to Yard unless explicitly approved and rebranded.
Sizzle Social,tmp/clean-food-cache/lobster-tail.jpg,/Users/sizzlesocial/Documents/hibachi/tmp/clean-food-cache/lobster-tail.jpg,.jpg,33107,SOCIAL: owned/reference,yes,no,no,Do not copy assets to Yard unless explicitly approved and rebranded.
Sizzle Social,tmp/clean-food-cache/mixed-vegetables.png,/Users/sizzlesocial/Documents/hibachi/tmp/clean-food-cache/mixed-vegetables.png,.png,2232274,SOCIAL: owned/reference,yes,no,no,Do not copy assets to Yard unless explicitly approved and rebranded.
Sizzle Social,tmp/clean-food-cache/ny-steak.png,/Users/sizzlesocial/Documents/hibachi/tmp/clean-food-cache/ny-steak.png,.png,93132,SOCIAL: owned/reference,yes,no,no,Do not copy assets to Yard unless explicitly approved and rebranded.
Sizzle Social,tmp/clean-food-cache/salmon.jpg,/Users/sizzlesocial/Documents/hibachi/tmp/clean-food-cache/salmon.jpg,.jpg,36117,SOCIAL: owned/reference,yes,no,no,Do not copy assets to Yard unless explicitly approved and rebranded.
Sizzle Social,tmp/clean-food-cache/scallops.jpg,/Users/sizzlesocial/Documents/hibachi/tmp/clean-food-cache/scallops.jpg,.jpg,32442,SOCIAL: owned/reference,yes,no,no,Do not copy assets to Yard unless explicitly approved and rebranded.
Sizzle Social,tmp/clean-food-cache/seaweed-salad.png,/Users/sizzlesocial/Documents/hibachi/tmp/clean-food-cache/seaweed-salad.png,.png,2514848,SOCIAL: owned/reference,yes,no,no,Do not copy assets to Yard unless explicitly approved and rebranded.
Sizzle Social,tmp/clean-food-cache/shrimp.png,/Users/sizzlesocial/Documents/hibachi/tmp/clean-food-cache/shrimp.png,.png,96745,SOCIAL: owned/reference,yes,no,no,Do not copy assets to Yard unless explicitly approved and rebranded.
Sizzle Social,tmp/clean-food-cache/tofu-vegetables.jpg,/Users/sizzlesocial/Documents/hibachi/tmp/clean-food-cache/tofu-vegetables.jpg,.jpg,30459,SOCIAL: owned/reference,yes,no,no,Do not copy assets to Yard unless explicitly approved and rebranded.
Sizzle Social,tmp/clean-food-cache/udon-noodles.png,/Users/sizzlesocial/Documents/hibachi/tmp/clean-food-cache/udon-noodles.png,.png,2496506,SOCIAL: owned/reference,yes,no,no,Do not copy assets to Yard unless explicitly approved and rebranded.
Sizzle Social,tmp/clean-food-cache/wagyu.png,/Users/sizzlesocial/Documents/hibachi/tmp/clean-food-cache/wagyu.png,.png,2262649,SOCIAL: owned/reference,yes,no,no,Do not copy assets to Yard unless explicitly approved and rebranded.
Sizzle Social,tmp/food-image-contact-sheet.jpg,/Users/sizzlesocial/Documents/hibachi/tmp/food-image-contact-sheet.jpg,.jpg,333235,SOCIAL: owned/reference,yes,no,no,Do not copy assets to Yard unless explicitly approved and rebranded.
Sizzle Social,tmp/pdfs/food-image-work/01-event-setup.jpg,/Users/sizzlesocial/Documents/hibachi/tmp/pdfs/food-image-work/01-event-setup.jpg,.jpg,29042,SOCIAL: owned/reference,yes,no,no,Do not copy assets to Yard unless explicitly approved and rebranded.
Sizzle Social,tmp/pdfs/food-image-work/02-premium-fried-rice.jpg,/Users/sizzlesocial/Documents/hibachi/tmp/pdfs/food-image-work/02-premium-fried-rice.jpg,.jpg,43504,SOCIAL: owned/reference,yes,no,no,Do not copy assets to Yard unless explicitly approved and rebranded.
Sizzle Social,tmp/pdfs/food-image-work/03-hibachi-combo.jpg,/Users/sizzlesocial/Documents/hibachi/tmp/pdfs/food-image-work/03-hibachi-combo.jpg,.jpg,62848,SOCIAL: owned/reference,yes,no,no,Do not copy assets to Yard unless explicitly approved and rebranded.
Sizzle Social,tmp/pdfs/food-image-work/04-ny-steak.jpg,/Users/sizzlesocial/Documents/hibachi/tmp/pdfs/food-image-work/04-ny-steak.jpg,.jpg,39194,SOCIAL: owned/reference,yes,no,no,Do not copy assets to Yard unless explicitly approved and rebranded.
Sizzle Social,tmp/pdfs/food-image-work/05-chicken.jpg,/Users/sizzlesocial/Documents/hibachi/tmp/pdfs/food-image-work/05-chicken.jpg,.jpg,42986,SOCIAL: owned/reference,yes,no,no,Do not copy assets to Yard unless explicitly approved and rebranded.
Sizzle Social,tmp/pdfs/food-image-work/06-salmon.jpg,/Users/sizzlesocial/Documents/hibachi/tmp/pdfs/food-image-work/06-salmon.jpg,.jpg,44548,SOCIAL: owned/reference,yes,no,no,Do not copy assets to Yard unless explicitly approved and rebranded.
Sizzle Social,tmp/pdfs/food-image-work/07-tofu-vegetables.jpg,/Users/sizzlesocial/Documents/hibachi/tmp/pdfs/food-image-work/07-tofu-vegetables.jpg,.jpg,40527,SOCIAL: owned/reference,yes,no,no,Do not copy assets to Yard unless explicitly approved and rebranded.
Sizzle Social,tmp/pdfs/food-image-work/08-scallops.jpg,/Users/sizzlesocial/Documents/hibachi/tmp/pdfs/food-image-work/08-scallops.jpg,.jpg,43319,SOCIAL: owned/reference,yes,no,no,Do not copy assets to Yard unless explicitly approved and rebranded.
Sizzle Social,tmp/pdfs/food-image-work/09-shrimp.jpg,/Users/sizzlesocial/Documents/hibachi/tmp/pdfs/food-image-work/09-shrimp.jpg,.jpg,44258,SOCIAL: owned/reference,yes,no,no,Do not copy assets to Yard unless explicitly approved and rebranded.
Sizzle Social,tmp/pdfs/food-image-work/10-lobster-tail.jpg,/Users/sizzlesocial/Documents/hibachi/tmp/pdfs/food-image-work/10-lobster-tail.jpg,.jpg,44013,SOCIAL: owned/reference,yes,no,no,Do not copy assets to Yard unless explicitly approved and rebranded.
Sizzle Social,tmp/pdfs/food-image-work/11-edamame.jpg,/Users/sizzlesocial/Documents/hibachi/tmp/pdfs/food-image-work/11-edamame.jpg,.jpg,26720,SOCIAL: owned/reference,yes,no,no,Do not copy assets to Yard unless explicitly approved and rebranded.
Sizzle Social,tmp/pdfs/rendered-food/collection-page-01.png,/Users/sizzlesocial/Documents/hibachi/tmp/pdfs/rendered-food/collection-page-01.png,.png,153060,SOCIAL: owned/reference,yes,no,no,Do not copy assets to Yard unless explicitly approved and rebranded.
Sizzle Social,tmp/pdfs/rendered-food/contact-page-1.png,/Users/sizzlesocial/Documents/hibachi/tmp/pdfs/rendered-food/contact-page-1.png,.png,1440745,SOCIAL: owned/reference,yes,no,no,Do not copy assets to Yard unless explicitly approved and rebranded.
